所属模块,用例标题,前置条件,步骤,预期,关键词,优先级,用例类型,适用阶段
/全局看板（封伟/林禹成） - 项目类型数量展示区域/,全局看板（封伟/林禹成） - 项目类型数量展示区域 - 数据来源：当前数据统计来源都是一休云质检空间数量,系统已启动，用户已登录,"1. 打开全局看板页面
2. 定位到项目类型数量展示区域
3. 检查数据来源是否为一休云质检空间数量","1. 成功打开全局看板页面
2. 项目类型数量展示区域可见
3. 数据来源显示为当前数据统计来源都是一休云质检空间数量",1,4,功能测试,功能测试阶段
/全局看板（封伟/林禹成） - 项目类型数量展示区域 - 项目状态统计下拉筛选框 - 枚举值/,全局看板（封伟/林禹成） - 项目类型数量展示区域 - 项目状态统计下拉筛选框 - 枚举值 - 全部（默认值）,系统已启动，用户已登录，全局看板页面已加载,"1. 打开全局看板页面
2. 定位到项目类型数量展示区域
3. 点击项目状态统计下拉筛选框","1. 成功打开全局看板页面
2. 定位到项目类型数量展示区域
3. 下拉筛选框显示并默认选中全部（默认值）",1,3,功能测试,功能测试阶段
/全局看板（封伟/林禹成） - 项目类型数量展示区域 - 项目状态统计下拉筛选框 - 枚举值/,全局看板（封伟/林禹成） - 项目类型数量展示区域 - 项目状态统计下拉筛选框 - 枚举值 - 进行中,系统已启动，用户已登录，全局看板页面已加载,"1. 打开全局看板页面
2. 定位到项目类型数量展示区域
3. 点击项目状态统计下拉筛选框","1. 下拉筛选框成功打开
2. 显示所有可用的项目状态枚举值
3. 枚举值中包含'进行中'状态",1,3,功能测试,功能测试阶段
/全局看板（封伟/林禹成） - 项目类型数量展示区域 - 项目状态统计下拉筛选框 - 枚举值/,全局看板（封伟/林禹成） - 项目类型数量展示区域 - 项目状态统计下拉筛选框 - 枚举值 - 已结项,系统已启动，用户已登录,"1. 打开全局看板页面
2. 定位到项目类型数量展示区域
3. 点击项目状态统计下拉筛选框
4. ","1. 成功打开全局看板页面
2. 定位到项目类型数量展示区域
3. 下拉筛选框显示枚举值
4. 选择'已结项'枚举值",1,3,功能测试,功能测试阶段
/全局看板（封伟/林禹成） - 项目类型数量展示区域 - 项目状态统计下拉筛选框 - 单选筛选/,全局看板（封伟/林禹成） - 项目类型数量展示区域 - 项目状态统计下拉筛选框 - 单选筛选 - 该筛选条件仅作用于项目类型数量统计,系统已启动，用户已登录，全局看板页面已加载,"1. 打开全局看板页面
2. 定位到项目类型数量展示区域
3. 点击项目状态统计下拉筛选框
4. 选择单选筛选条件","1. 成功打开全局看板页面
2. 项目类型数量展示区域可见
3. 项目状态统计下拉筛选框展开，显示单选筛选条件
4. 选择单选筛选条件后，项目类型数量统计结果根据筛选条件更新",1,3,功能测试,功能测试阶段
/全局看板（封伟/林禹成） - 项目类型数量展示区域 - 统计质检项目数量（包含结项）/,全局看板（封伟/林禹成） - 项目类型数量展示区域 - 统计质检项目数量（包含结项） - 一休云质检项目空间总数,系统已启动，用户已登录,"1. 打开全局看板页面
2. 进入项目类型数量展示区域
3. 查看统计质检项目数量（包含结项）部分","1. 成功打开全局看板页面
2. 正确进入项目类型数量展示区域
3. 显示正确的质检项目空间总数",1,4,功能测试,功能测试阶段
/全局看板（封伟/林禹成） - 项目类型数量展示区域 - 操作/,全局看板（封伟/林禹成） - 项目类型数量展示区域 - 操作 - 暂无，直接是0,系统已启动，用户已登录,"1. 打开全局看板页面
2. 定位到项目类型数量展示区域","1. 成功打开全局看板页面
2. 项目类型数量展示区域显示为0",1,2,功能测试,功能测试阶段
/全局看板（封伟/林禹成） - 项目类型数量展示区域 - 打磨/,全局看板（封伟/林禹成） - 项目类型数量展示区域 - 打磨 - 暂无，直接是0,系统已启动，用户已登录,"1. 打开全局看板页面
2. 定位到项目类型数量展示区域
3. ","1. 成功打开全局看板页面
2. 项目类型数量展示区域显示正常
3. 项目类型数量展示区域显示为0",1,4,功能测试,功能测试阶段
/全局看板（封伟/林禹成） - 项目类型数量展示区域 - 焊接/,全局看板（封伟/林禹成） - 项目类型数量展示区域 - 焊接 - 暂无，直接是0,系统已启动，用户已登录,"1. 打开全局看板页面
2. 定位到项目类型数量展示区域
3. 查看焊接项目类型的数量","1. 成功打开全局看板页面
2. 项目类型数量展示区域正确显示
3. 焊接项目类型的数量直接显示为0",1,4,功能测试,功能测试阶段
/全局看板（封伟/林禹成） - 近12个月趋势展示区域 - 项目类型统计下拉筛选框 - 枚举值/,全局看板（封伟/林禹成） - 近12个月趋势展示区域 - 项目类型统计下拉筛选框 - 枚举值 - 全部（默认值）,系统已启动，用户已登录，全局看板页面已加载,"1. 打开全局看板页面
2. 定位到近12个月趋势展示区域
3. 点击项目类型统计下拉筛选框","1. 成功打开全局看板页面
2. 成功定位到近12个月趋势展示区域
3. 项目类型统计下拉筛选框显示，默认选中全部选项",1,4,功能测试,功能测试阶段
/全局看板（封伟/林禹成） - 近12个月趋势展示区域 - 项目类型统计下拉筛选框 - 枚举值/,全局看板（封伟/林禹成） - 近12个月趋势展示区域 - 项目类型统计下拉筛选框 - 枚举值 - 质检,系统已启动，用户已登录，全局看板页面已加载,"1. 打开全局看板页面
2. 进入近12个月趋势展示区域
3. 定位到项目类型统计下拉筛选框
4. 
5. ","1. 成功打开全局看板页面
2. 成功进入近12个月趋势展示区域
3. 项目类型统计下拉筛选框可见且可操作
4. 下拉筛选框中包含多个枚举值
5. 选择一个枚举值后，系统正确更新趋势展示区域的数据",1,3,功能测试,功能测试阶段
/全局看板（封伟/林禹成） - 近12个月趋势展示区域 - 项目类型统计下拉筛选框 - 枚举值/,全局看板（封伟/林禹成） - 近12个月趋势展示区域 - 项目类型统计下拉筛选框 - 枚举值 - 操作,系统已启动，用户已登录，全局看板页面已加载,"1. 打开全局看板页面
2. 定位到近12个月趋势展示区域
3. 点击项目类型统计下拉筛选框","1. 下拉筛选框成功打开
2. 显示所有可用的项目类型枚举值
3. 点击某个枚举值后，系统根据所选值更新趋势展示区域的数据",1,1,功能测试,功能测试阶段
/全局看板（封伟/林禹成） - 近12个月趋势展示区域 - 项目类型统计下拉筛选框 - 枚举值/,全局看板（封伟/林禹成） - 近12个月趋势展示区域 - 项目类型统计下拉筛选框 - 枚举值 - 焊接,系统已启动，用户已登录，全局看板页面已加载,"1. 打开全局看板页面
2. 进入近12个月趋势展示区域
3. 定位到项目类型统计下拉筛选框
4. ","1. 成功打开全局看板页面
2. 成功进入近12个月趋势展示区域
3. 项目类型统计下拉筛选框可见且可操作
4. 下拉筛选框中包含焊接枚举值",1,1,功能测试,功能测试阶段
/全局看板（封伟/林禹成） - 近12个月趋势展示区域 - 项目类型统计下拉筛选框 - 枚举值/,全局看板（封伟/林禹成） - 近12个月趋势展示区域 - 项目类型统计下拉筛选框 - 枚举值 - 打磨,系统已启动，用户已登录，全局看板页面已加载,"1. 打开全局看板页面
2. 进入近12个月趋势展示区域
3. 定位到项目类型统计下拉筛选框
4. 
5. ","1. 成功打开全局看板页面
2. 成功进入近12个月趋势展示区域
3. 项目类型统计下拉筛选框可见且可操作
4. 下拉筛选框中显示正确的枚举值列表
5. 选择一个枚举值后，系统应正确更新趋势展示区域的数据",1,2,功能测试,功能测试阶段
/全局看板（封伟/林禹成） - 近12个月趋势展示区域 - 项目类型统计下拉筛选框 - 枚举值/,全局看板（封伟/林禹成） - 近12个月趋势展示区域 - 项目类型统计下拉筛选框 - 枚举值 - 当前只有质检，其他置灰,系统已启动，用户已登录，全局看板页面已加载,"1. 打开全局看板页面
2. 定位到近12个月趋势展示区域
3. 点击项目类型统计下拉筛选框","1. 下拉筛选框成功打开
2. 枚举值中显示质检选项
3. 其他项目类型选项置灰不可选",1,4,功能测试,功能测试阶段
/全局看板（封伟/林禹成） - 近12个月趋势展示区域 - 项目类型统计下拉筛选框/,全局看板（封伟/林禹成） - 近12个月趋势展示区域 - 项目类型统计下拉筛选框 - 单选筛选,系统已启动，用户已登录，全局看板页面已加载,"1. 进入全局看板页面
2. 定位到近12个月趋势展示区域
3. 点击项目类型统计下拉筛选框","1. 成功打开项目类型统计下拉筛选框
2. 下拉筛选框中显示所有项目类型选项
3. 选择一个项目类型进行单选筛选",1,4,功能测试,功能测试阶段
/全局看板（封伟/林禹成） - 近12个月趋势展示区域 - 折线图/,全局看板（封伟/林禹成） - 近12个月趋势展示区域 - 折线图 - 统计近12个月的项目开始和结项的数量,系统已启动，用户已登录，全局看板页面已加载,"1. 进入全局看板页面
2. 定位到近12个月趋势展示区域
3. 点击折线图查看详细数据","1. 成功进入全局看板页面
2. 近12个月趋势展示区域显示折线图
3. 折线图正确统计并展示了近12个月的项目开始和结项数量",1,1,功能测试,功能测试阶段
/全局看板（封伟/林禹成） - 近12个月趋势展示区域 - 折线图 - 横轴/,全局看板（封伟/林禹成） - 近12个月趋势展示区域 - 折线图 - 横轴 - 年月（最近12个月）,系统已启动，用户已登录，全局看板页面已加载,"1. 进入全局看板页面
2. 定位到近12个月趋势展示区域
3. 查看折线图
4. 观察横轴显示的年月信息","1. 成功进入全局看板页面
2. 近12个月趋势展示区域可见
3. 折线图正确显示
4. 横轴显示的年月信息正确且包含最近12个月",1,4,功能测试,功能测试阶段
/全局看板（封伟/林禹成） - 近12个月趋势展示区域 - 折线图 - 纵轴/,全局看板（封伟/林禹成） - 近12个月趋势展示区域 - 折线图 - 纵轴 - 数量,系统已启动，用户已登录，全局看板页面已加载,"1. 进入全局看板页面
2. 定位到近12个月趋势展示区域
3. 查看折线图
4. 观察折线图的纵轴","1. 成功进入全局看板页面
2. 近12个月趋势展示区域可见
3. 折线图正确显示
4. 纵轴显示数量，单位正确",1,1,功能测试,功能测试阶段
/全局看板（封伟/林禹成） - 近12个月趋势展示区域 - 折线图/,全局看板（封伟/林禹成） - 近12个月趋势展示区域 - 折线图 - 值：开始数量（橘色），结项数量（浅蓝色）,系统已启动，用户已登录，全局看板页面已加载,"1. 进入全局看板页面
2. 定位到近12个月趋势展示区域
3. 查看折线图中的开始数量（橘色）
4. 查看折线图中的结项数量（浅蓝色）","1. 成功进入全局看板页面
2. 近12个月趋势展示区域显示正确
3. 折线图中的开始数量（橘色）显示清晰
4. 折线图中的结项数量（浅蓝色）显示清晰",1,3,功能测试,功能测试阶段
/全局看板（封伟/林禹成） - 行业分布图展示区域/,全局看板（封伟/林禹成） - 行业分布图展示区域 - 图表名称：行业分布（TOP5）,系统已启动，用户已登录，全局看板页面加载完成,"1. 进入全局看板页面
2. 定位到行业分布图展示区域
3. 检查图表名称是否为‘行业分布（TOP5）’","1. 成功进入全局看板页面
2. 行业分布图展示区域可见
3. 图表名称正确显示为‘行业分布（TOP5）’",1,4,功能测试,功能测试阶段
/全局看板（封伟/林禹成） - 行业分布图展示区域 - 类型：环形图/,全局看板（封伟/林禹成） - 行业分布图展示区域 - 类型：环形图 - 内容：根据项目空间的行业来分类，当前只有3C电子，汽车配件,系统已启动，用户已登录，全局看板页面加载完成,"1. 进入全局看板页面
2. 定位到行业分布图展示区域
3. 检查环形图是否正确加载","1. 成功进入全局看板页面
2. 行业分布图展示区域正确显示环形图
3. 环形图正确展示3C电子和汽车配件两个行业的分类",1,1,功能测试,功能测试阶段
/全局看板（封伟/林禹成） - 行业分布图展示区域 - 类型：环形图/,全局看板（封伟/林禹成） - 行业分布图展示区域 - 类型：环形图 - 根据行业分布数量进行统计并计算占比，前五展示出来，后面的所有都算进其他这个分类,系统已启动，用户已登录，全局看板行业分布图展示区域已加载,"1. 进入全局看板页面
2. 定位到行业分布图展示区域
3. 检查环形图是否正确显示
4. 查看前五个行业分布数量及其占比
5. 检查其他分类是否包含所有未在前五展示的行业分布数量及占比","1. 成功进入全局看板页面
2. 行业分布图展示区域环形图正确显示
3. 前五个行业分布数量及其占比准确无误
4. 其他分类包含所有未在前五展示的行业分布数量及占比
5. ",1,2,功能测试,功能测试阶段
/全局看板（封伟/林禹成） - 行业分布图展示区域 - 类型：环形图/,全局看板（封伟/林禹成） - 行业分布图展示区域 - 类型：环形图 - 对应的行业颜色是固定,系统已启动，用户已登录，全局看板行业分布图展示区域已加载,"1. 进入全局看板页面
2. 定位到行业分布图展示区域
3. 检查环形图是否正确显示","1. 成功进入全局看板页面
2. 行业分布图展示区域环形图正确显示
3. 对应的行业颜色是固定的，且与系统设置一致",1,4,功能测试,功能测试阶段
/全局看板（封伟/林禹成） - 行业分布图展示区域/,全局看板（封伟/林禹成） - 行业分布图展示区域 - 行业类型名称（展示在环形图下方，取值前五，最后是其他。）,系统已启动，用户已登录，全局看板页面加载完成,"1. 进入全局看板页面
2. 定位到行业分布图展示区域
3. 检查环形图下方是否显示行业类型名称
4. ","1. 成功进入全局看板页面
2. 行业分布图展示区域可见
3. 环形图下方显示前五个行业类型名称
4. 最后显示'其他'作为剩余行业类型的名称",1,4,功能测试,功能测试阶段
/全局看板（封伟/林禹成） - 最近项目展示区域 - 列表展示/,全局看板（封伟/林禹成） - 最近项目展示区域 - 列表展示 - 数据来源：创建时间排序前五的项目（当前只有质检类型空间）,系统已启动，用户已登录，且用户有权限访问全局看板,"1. 进入全局看板页面
2. 定位到最近项目展示区域
3. 检查列表展示功能
4. 
5. 
6. ","1. 成功进入全局看板页面
2. 最近项目展示区域可见
3. 列表展示功能正常显示
4. 展示的项目按创建时间排序
5. 展示的项目数量为前五
6. 所有展示的项目均为质检类型空间",1,3,功能测试,功能测试阶段
/全局看板（封伟/林禹成） - 最近项目展示区域 - 列表展示/,全局看板（封伟/林禹成） - 最近项目展示区域 - 列表展示 - 项目名称,系统已启动，用户已登录,"1. 打开全局看板页面
2. 进入最近项目展示区域
3. 查看项目名称列表","1. 成功打开全局看板页面
2. 最近项目展示区域显示正常
3. 项目名称列表完整且准确显示",1,2,功能测试,功能测试阶段
/全局看板（封伟/林禹成） - 最近项目展示区域 - 列表展示/,全局看板（封伟/林禹成） - 最近项目展示区域 - 列表展示 - 类型,系统已启动，用户已登录,"1. 打开全局看板页面
2. 进入最近项目展示区域
3. 查看列表展示
4. 选择特定类型的项目","1. 成功打开全局看板页面
2. 最近项目展示区域显示正确
3. 列表展示的项目按照类型分类清晰
4. 选择特定类型后，展示的项目列表正确更新",1,4,功能测试,功能测试阶段
/全局看板（封伟/林禹成） - 最近项目展示区域 - 列表展示/,全局看板（封伟/林禹成） - 最近项目展示区域 - 列表展示 - 状态,系统已启动，用户已登录,"1. 打开全局看板页面
2. 进入最近项目展示区域
3. 查看列表展示","1. 成功打开全局看板页面
2. 最近项目展示区域显示正常
3. 列表展示的项目状态清晰可见",1,1,功能测试,功能测试阶段
/全局看板（封伟/林禹成） - 最近项目展示区域 - 列表展示/,全局看板（封伟/林禹成） - 最近项目展示区域 - 列表展示 - 产品数,系统已启动，用户已登录,"1. 打开全局看板页面
2. 进入最近项目展示区域
3. 查看产品数列表","1. 成功打开全局看板页面
2. 正确进入最近项目展示区域
3. 产品数列表完整展示",1,4,功能测试,功能测试阶段
/全局看板（封伟/林禹成） - 最近项目展示区域 - 列表展示/,全局看板（封伟/林禹成） - 最近项目展示区域 - 列表展示 - 设备数,系统已启动，用户已登录,"1. 打开全局看板页面
2. 进入最近项目展示区域
3. 查看设备数列表","1. 成功打开全局看板页面
2. 正确进入最近项目展示区域
3. 设备数列表完整展示",1,4,功能测试,功能测试阶段
/全局看板（封伟/林禹成） - 最近项目展示区域 - 列表展示 - 操作 - 进入项目/,全局看板（封伟/林禹成） - 最近项目展示区域 - 列表展示 - 操作 - 进入项目 - 点击进入项目详情→项目总览页面,系统已启动，用户已登录，全局看板最近项目展示区域已加载,"1. 进入全局看板最近项目展示区域
2. 查找目标项目
3. 点击目标项目进入项目详情","1. 成功进入项目详情页面
2. 显示项目总览信息
3. 页面布局符合项目总览页面设计规范",1,4,功能测试,功能测试阶段
/全局看板（封伟/林禹成）/,全局看板（封伟/林禹成） - 重点关注：老数据的统计,系统已启动，用户已登录,"1. 打开全局看板页面
2. 选择重点关注模块
3. 选择老数据统计选项","1. 成功打开全局看板页面
2. 重点关注模块显示正常
3. 老数据统计选项正确加载",1,1,功能测试,功能测试阶段
/项目管理 - 列表页按钮&功能（封伟） - 创建项目空间 - 创建项目空间弹框 - 重点关注/,项目管理 - 列表页按钮&功能（封伟） - 创建项目空间 - 创建项目空间弹框 - 重点关注 - 版本部署的同时，一休云质检空间的创建，编辑，结项，成员管理的口子全部取消，EIIR这些功能保持不变,系统已启动，用户已登录，且用户具有创建项目空间的权限,"1. 打开项目管理列表页
2. 点击创建项目空间按钮
3. 在弹框中填写项目空间相关信息","1. 成功打开创建项目空间弹框
2. 弹框中包含版本部署、一休云质检空间的创建、编辑、结项、成员管理等功能入口已被取消
3. EIIR这些功能入口保持可见并可操作",1,4,功能测试,功能测试阶段
/项目管理 - 列表页按钮&功能（封伟） - 创建项目空间 - 创建项目空间弹框 - 重点关注/,项目管理 - 列表页按钮&功能（封伟） - 创建项目空间 - 创建项目空间弹框 - 重点关注 - 从DMP创建的空间，产品，机器，是否可以正常进行发图收图，策略，标签，光学面配置等功能的正常使用,系统已启动，用户已登录，且用户具有创建项目空间的权限,"1. 打开项目管理列表页
2. 点击创建项目空间按钮
3. 在弹框中选择从DMP创建的空间
4. 选择对应的产品、机器
5. 配置策略、标签、光学面","1. 成功打开创建项目空间弹框
2. 从DMP创建的空间、产品、机器列表显示正常
3. 发图收图功能可以正常使用
4. 策略、标签、光学面配置功能可以正常使用
5. ",1,4,功能测试,功能测试阶段
/项目管理 - 列表页按钮&功能（封伟） - 创建项目空间 - 创建项目空间弹框 - 项目标识/,项目管理 - 列表页按钮&功能（封伟） - 创建项目空间 - 创建项目空间弹框 - 项目标识 - 必填项,系统已启动，用户已登录，且具有创建项目空间的权限,"1. 打开项目管理列表页
2. 点击创建项目空间按钮
3. 在创建项目空间弹框中，进入项目标识页面","1. 成功打开创建项目空间弹框
2. 项目标识页面显示
3. 项目标识为必填项，且有相应的提示信息",1,1,功能测试,功能测试阶段
/项目管理 - 列表页按钮&功能（封伟） - 创建项目空间 - 创建项目空间弹框 - 项目标识 - 仅支持英文、数字、中划线输入(原一休支持，中横杠和下划线，例：YiXiu4_11/,项目管理 - 列表页按钮&功能（封伟） - 创建项目空间 - 创建项目空间弹框 - 项目标识 - 仅支持英文、数字、中划线输入(原一休支持，中横杠和下划线，例：YiXiu4_11 - BGHNDZ),系统已启动，用户已登录，且已进入项目管理列表页,"1. 点击创建项目空间按钮
2. 进入创建项目空间弹框
3. 在项目标识输入框中输入测试数据","1. 成功进入创建项目空间弹框
2. 项目标识输入框可接受英文、数字和中划线输入
3. 输入符合规则的项目标识后，系统无错误提示",1,1,功能测试,功能测试阶段
/项目管理 - 列表页按钮&功能（封伟） - 创建项目空间 - 创建项目空间弹框 - 项目标识/,项目管理 - 列表页按钮&功能（封伟） - 创建项目空间 - 创建项目空间弹框 - 项目标识 - 标识唯一,系统已启动，用户已登录，且具有创建项目空间的权限,"1. 打开项目管理列表页
2. 点击创建项目空间按钮
3. 在弹框中输入项目标识","1. 成功打开创建项目空间弹框
2. 项目标识输入框可正常使用
3. 输入的项目标识在系统中是唯一的",1,1,功能测试,功能测试阶段
/项目管理 - 列表页按钮&功能（封伟） - 创建项目空间 - 创建项目空间弹框 - 项目标识/,项目管理 - 列表页按钮&功能（封伟） - 创建项目空间 - 创建项目空间弹框 - 项目标识 - 长度32,系统已启动，用户已登录，且具有创建项目空间的权限,"1. 打开项目管理列表页
2. 点击创建项目空间按钮
3. 在弹框中输入项目标识","1. 成功打开创建项目空间弹框
2. 项目标识输入框可见
3. 项目标识输入框允许输入长度为32的字符",1,4,功能测试,功能测试阶段
/项目管理 - 列表页按钮&功能（封伟） - 创建项目空间 - 创建项目空间弹框 - 项目名称/,项目管理 - 列表页按钮&功能（封伟） - 创建项目空间 - 创建项目空间弹框 - 项目名称 - 必填项,系统已启动，用户已登录，且具有创建项目空间的权限,"1. 打开项目管理列表页
2. 点击创建项目空间按钮
3. 在弹框中填写项目名称","1. 成功打开创建项目空间弹框
2. 项目名称字段为必填项
3. 提交弹框时，如果没有填写项目名称，系统提示必填项错误",1,4,功能测试,功能测试阶段
/项目管理 - 列表页按钮&功能（封伟） - 创建项目空间 - 创建项目空间弹框 - 项目名称/,项目管理 - 列表页按钮&功能（封伟） - 创建项目空间 - 创建项目空间弹框 - 项目名称 - 仅支持英文、中文，数字、中/下划线输入,系统已启动，用户已登录，且具有创建项目空间的权限,"1. 打开项目管理列表页
2. 点击创建项目空间按钮
3. 在弹框中输入项目名称","1. 成功打开创建项目空间弹框
2. 项目名称输入框仅支持英文、中文，数字，中/下划线输入
3. 输入非法字符时，系统应给出错误提示",1,2,功能测试,功能测试阶段
/项目管理 - 列表页按钮&功能（封伟） - 创建项目空间 - 创建项目空间弹框 - 项目名称/,项目管理 - 列表页按钮&功能（封伟） - 创建项目空间 - 创建项目空间弹框 - 项目名称 - 名称唯一,系统已启动，用户已登录，且具有创建项目空间的权限,"1. 打开项目管理列表页
2. 点击创建项目空间按钮
3. 在弹框中输入项目名称","1. 成功打开创建项目空间弹框
2. 输入的项目名称显示在弹框中
3. 系统验证项目名称的唯一性，并给出相应的提示信息",1,1,功能测试,功能测试阶段
/项目管理 - 列表页按钮&功能（封伟） - 创建项目空间 - 创建项目空间弹框 - 项目名称/,项目管理 - 列表页按钮&功能（封伟） - 创建项目空间 - 创建项目空间弹框 - 项目名称 - 长度32,系统已启动，用户已登录，且具有创建项目空间的权限,"1. 打开项目管理列表页
2. 点击创建项目空间按钮
3. 在弹框中输入项目名称","1. 成功打开创建项目空间弹框
2. 项目名称输入框可见
3. 输入的项目名称长度不超过32个字符",1,1,功能测试,功能测试阶段
/项目管理 - 列表页按钮&功能（封伟） - 创建项目空间 - 创建项目空间弹框 - 项目类型/,项目管理 - 列表页按钮&功能（封伟） - 创建项目空间 - 创建项目空间弹框 - 项目类型 - 质检(默认值),系统已启动，用户已登录，且已进入项目管理列表页,"1. 点击创建项目空间按钮
2. 在弹框中选择项目类型
3. 选择质检作为项目类型","1. 成功打开创建项目空间弹框
2. 项目类型列表完整显示
3. 质检选项被选中且为默认值",1,1,功能测试,功能测试阶段
/项目管理 - 列表页按钮&功能（封伟） - 创建项目空间 - 创建项目空间弹框 - 项目类型/,项目管理 - 列表页按钮&功能（封伟） - 创建项目空间 - 创建项目空间弹框 - 项目类型 - 操作,系统已启动，用户已登录，且具有创建项目空间的权限,"1. 打开项目管理列表页
2. 点击创建项目空间按钮
3. 在弹框中选择项目类型","1. 成功打开创建项目空间弹框
2. 弹框中显示所有可用的项目类型
3. 选择项目类型后，弹框正确显示所选项目类型信息",1,3,功能测试,功能测试阶段
/项目管理 - 列表页按钮&功能（封伟） - 创建项目空间 - 创建项目空间弹框 - 项目类型/,项目管理 - 列表页按钮&功能（封伟） - 创建项目空间 - 创建项目空间弹框 - 项目类型 - 打磨,系统已启动，用户已登录，且具有创建项目空间的权限,"1. 打开项目管理列表页
2. 点击创建项目空间按钮
3. 在弹框中选择项目类型为打磨
4. ","1. 成功打开创建项目空间弹框
2. 弹框中显示打磨项目类型选项
3. 选择打磨项目类型后，弹框正确显示相关信息
4. 点击确认按钮，系统成功创建项目空间",1,4,功能测试,功能测试阶段
/项目管理 - 列表页按钮&功能（封伟） - 创建项目空间 - 创建项目空间弹框 - 项目类型/,项目管理 - 列表页按钮&功能（封伟） - 创建项目空间 - 创建项目空间弹框 - 项目类型 - 焊接,系统已启动，用户已登录，且具有创建项目空间的权限,"1. 打开项目管理列表页
2. 点击创建项目空间按钮
3. 在弹框中选择项目类型为焊接
4. ","1. 成功打开创建项目空间弹框
2. 弹框中显示焊接项目类型选项
3. 选择焊接项目类型后，弹框正确显示相关信息
4. 点击确认按钮，系统成功创建项目空间",1,2,功能测试,功能测试阶段
/项目管理 - 列表页按钮&功能（封伟） - 创建项目空间 - 创建项目空间弹框 - 项目类型/,项目管理 - 列表页按钮&功能（封伟） - 创建项目空间 - 创建项目空间弹框 - 项目类型 - 必选项,系统已启动，用户已登录，且具有创建项目空间的权限,"1. 打开项目管理列表页
2. 点击创建项目空间按钮
3. 在创建项目空间弹框中，选择项目类型","1. 成功打开创建项目空间弹框
2. 项目类型选项完整显示
3. 必选项标记清晰可见，且创建项目空间按钮处于禁用状态，直到必选项被选中",1,1,功能测试,功能测试阶段
/项目管理 - 列表页按钮&功能（封伟） - 创建项目空间 - 创建项目空间弹框 - 项目类型/,项目管理 - 列表页按钮&功能（封伟） - 创建项目空间 - 创建项目空间弹框 - 项目类型 - 当前只有质检，其他置灰,系统已启动，用户已登录，且当前用户有创建项目空间的权限,"1. 打开项目管理列表页
2. 点击创建项目空间按钮
3. 在弹框中选择项目类型","1. 成功打开创建项目空间弹框
2. 项目类型列表中只显示质检选项
3. 其他项目类型选项均置灰不可选",1,4,功能测试,功能测试阶段
/项目管理 - 列表页按钮&功能（封伟） - 创建项目空间 - 创建项目空间弹框 - 所属行业/,项目管理 - 列表页按钮&功能（封伟） - 创建项目空间 - 创建项目空间弹框 - 所属行业 - 3C电子,系统已启动，用户已登录，且已进入项目管理列表页,"1. 点击创建项目空间按钮
2. 在弹框中选择所属行业为3C电子
3. ","1. 成功打开创建项目空间弹框
2. 所属行业下拉列表中正确显示3C电子选项
3. 选择3C电子后，系统正确记录所选行业",1,3,功能测试,功能测试阶段
/项目管理 - 列表页按钮&功能（封伟） - 创建项目空间 - 创建项目空间弹框 - 所属行业/,项目管理 - 列表页按钮&功能（封伟） - 创建项目空间 - 创建项目空间弹框 - 所属行业 - 汽车配件,系统已启动，用户已登录，且已进入项目管理列表页,"1. 点击创建项目空间按钮
2. 在弹框中选择所属行业为汽车配件
3. ","1. 成功打开创建项目空间弹框
2. 所属行业下拉列表中显示汽车配件选项
3. 选择汽车配件后，弹框正确显示相关联的信息和选项",1,2,功能测试,功能测试阶段
/项目管理 - 列表页按钮&功能（封伟） - 创建项目空间 - 创建项目空间弹框 - 所属行业/,项目管理 - 列表页按钮&功能（封伟） - 创建项目空间 - 创建项目空间弹框 - 所属行业 - 必选项,系统已启动，用户已登录，且已进入项目管理列表页,"1. 点击创建项目空间按钮
2. 在创建项目空间弹框中，选择所属行业
3. ","1. 成功打开创建项目空间弹框
2. 所属行业选项已正确显示
3. 必选项标记清晰可见，且未选择所属行业时无法提交",1,1,功能测试,功能测试阶段
/项目管理 - 列表页按钮&功能（封伟） - 创建项目空间 - 创建项目空间弹框 - 所属行业/,项目管理 - 列表页按钮&功能（封伟） - 创建项目空间 - 创建项目空间弹框 - 所属行业 - 原型提供的行业字典链接不存在,系统已启动，用户已登录，且已进入项目管理列表页,"1. 点击创建项目空间按钮
2. 在创建项目空间弹框中，选择所属行业
3. 尝试访问原型提供的行业字典链接","1. 成功打开创建项目空间弹框
2. 所属行业选项正常显示
3. 原型提供的行业字典链接不存在，无法访问",1,1,功能测试,功能测试阶段
/项目管理 - 列表页按钮&功能（封伟） - 创建项目空间 - 创建项目空间弹框 - 项目描述/,项目管理 - 列表页按钮&功能（封伟） - 创建项目空间 - 创建项目空间弹框 - 项目描述 - 文案：请输入不超过250个字符,系统已启动，用户已登录，且具有创建项目空间的权限,"1. 打开项目管理列表页
2. 点击创建项目空间按钮
3. 在弹框中输入项目描述","1. 成功打开创建项目空间弹框
2. 项目描述输入框可见
3. 输入的项目描述字符数不超过250个字符",1,3,功能测试,功能测试阶段
/项目管理 - 列表页按钮&功能（封伟） - 创建项目空间 - 创建项目空间弹框 - 项目描述/,项目管理 - 列表页按钮&功能（封伟） - 创建项目空间 - 创建项目空间弹框 - 项目描述 - 字符无类型限制,系统已启动，用户已登录，且具有创建项目空间的权限,"1. 打开项目管理列表页
2. 点击创建项目空间按钮
3. 在弹框中输入项目描述
4. 点击提交按钮","1. 成功打开创建项目空间弹框
2. 项目描述输入框允许输入任意类型字符
3. 点击提交后，系统成功创建项目空间并提示操作成功
4. ",1,4,功能测试,功能测试阶段
/项目管理 - 列表页按钮&功能（封伟） - 创建项目空间/,项目管理 - 列表页按钮&功能（封伟） - 创建项目空间 - 新增和编辑的幂等验证,系统已启动，用户已登录，且具有创建项目空间的权限,"1. 打开项目管理列表页
2. 点击创建项目空间按钮
3. 输入项目空间的基本信息并提交
4. 再次点击创建项目空间按钮
5. 使用相同的参数再次提交","1. 成功打开创建项目空间页面
2. 输入的基本信息正确显示
3. 第一次提交后，系统成功创建项目空间并提示操作成功
4. 第二次提交时，系统不再创建新的项目空间，而是显示已存在相同项目空间的信息
5. ",1,1,功能测试,功能测试阶段
/项目管理 - 列表页按钮&功能（封伟） - 项目状态筛选框/,项目管理 - 列表页按钮&功能（封伟） - 项目状态筛选框 - 全部状态（默认值）,系统已启动，用户已登录，且处于项目管理列表页,"1. 打开项目管理列表页
2. 观察项目状态筛选框
3. 选择默认值‘全部状态’","1. 成功打开项目管理列表页
2. 项目状态筛选框显示
3. 默认选中‘全部状态’选项",1,1,功能测试,功能测试阶段
/项目管理 - 列表页按钮&功能（封伟） - 项目状态筛选框/,项目管理 - 列表页按钮&功能（封伟） - 项目状态筛选框 - 进行中,系统已启动，用户已登录，且已进入项目管理列表页,"1. 进入项目管理列表页
2. 定位到项目状态筛选框
3. 选择'进行中'状态","1. 筛选框显示'进行中'状态
2. 列表页仅显示状态为'进行中'的项目
3. 系统正确处理筛选请求并更新列表显示",1,4,功能测试,功能测试阶段
/项目管理 - 列表页按钮&功能（封伟） - 项目状态筛选框/,项目管理 - 列表页按钮&功能（封伟） - 项目状态筛选框 - 已结项,系统已启动，用户已登录，且当前处于项目管理列表页,"1. 打开项目管理列表页
2. 定位到项目状态筛选框
3. 选择已结项状态","1. 项目状态筛选框显示已选中的已结项状态
2. 列表页仅显示状态为已结项的项目
3. 系统响应快速，无卡顿或错误提示",1,2,功能测试,功能测试阶段
/项目管理 - 列表页按钮&功能（封伟） - 项目类型筛选框/,项目管理 - 列表页按钮&功能（封伟） - 项目类型筛选框 - 全部类型（默认值）,系统已启动，用户已登录，且处于项目管理列表页,"1. 打开项目管理列表页
2. 观察项目类型筛选框
3. 选择默认值‘全部类型’","1. 成功打开项目管理列表页
2. 项目类型筛选框显示
3. 默认选中‘全部类型’选项",1,1,功能测试,功能测试阶段
/项目管理 - 列表页按钮&功能（封伟） - 项目类型筛选框/,项目管理 - 列表页按钮&功能（封伟） - 项目类型筛选框 - 质检,系统已启动，用户已登录至项目管理列表页,"1. 打开项目管理列表页
2. 定位到项目类型筛选框
3. 选择质检类型","1. 项目类型筛选框正确显示
2. 质检类型选项正确加载
3. 选择质检类型后，列表页显示与质检类型相关的项目",1,2,功能测试,功能测试阶段
/项目管理 - 列表页按钮&功能（封伟） - 项目类型筛选框/,项目管理 - 列表页按钮&功能（封伟） - 项目类型筛选框 - 操作,系统已启动，用户已登录，且处于项目管理列表页,"1. 打开项目管理列表页
2. 定位到项目类型筛选框
3. 选择一个项目类型","1. 项目类型筛选框显示所有可用项目类型
2. 选择的项目类型被正确选中
3. 列表页内容根据所选项目类型进行筛选，只显示该类型的项目",1,3,功能测试,功能测试阶段
/项目管理 - 列表页按钮&功能（封伟） - 项目类型筛选框/,项目管理 - 列表页按钮&功能（封伟） - 项目类型筛选框 - 打磨,系统已启动，用户已登录，且处于项目管理列表页,"1. 打开项目管理列表页
2. 定位到项目类型筛选框
3. 选择一个项目类型","1. 项目类型筛选框成功显示
2. 选择的项目类型被正确选中
3. 列表页内容根据所选项目类型进行筛选，显示匹配的项目",1,3,功能测试,功能测试阶段
/项目管理 - 列表页按钮&功能（封伟） - 项目类型筛选框/,项目管理 - 列表页按钮&功能（封伟） - 项目类型筛选框 - 焊接,系统已启动，用户已登录到项目管理模块,"1. 打开项目管理列表页
2. 定位到项目类型筛选框
3. 选择焊接类型","1. 项目类型筛选框正确显示
2. 焊接类型被选中并高亮显示
3. 列表页仅显示焊接类型的项目",1,3,功能测试,功能测试阶段
/项目管理 - 列表页按钮&功能（封伟） - 项目类型筛选框/,项目管理 - 列表页按钮&功能（封伟） - 项目类型筛选框 - 当前只有质检，其他置灰,系统已启动，用户已登录，且当前处于项目管理列表页,"1. 打开项目管理列表页
2. 查看项目类型筛选框
3. ","1. 成功打开项目管理列表页
2. 项目类型筛选框显示
3. 质检选项处于激活状态，其他项目类型选项置灰",1,1,功能测试,功能测试阶段
/项目管理 - 列表页按钮&功能（封伟） - 项目名称或者项目标识搜索框 - 搜索输入框/,项目管理 - 列表页按钮&功能（封伟） - 项目名称或者项目标识搜索框 - 搜索输入框 - 根据标识和名称查询项目展示列表,系统已启动，用户已登录到项目管理模块,"1. 打开项目管理列表页
2. 定位到项目名称或者项目标识搜索框
3. 在搜索框中输入项目标识或名称
4. 点击搜索按钮","1. 搜索框能够接受输入
2. 输入的项目标识或名称能够被正确识别
3. 系统根据输入的标识或名称展示匹配的项目列表
4. ",1,3,功能测试,功能测试阶段
/项目管理 - 列表页按钮&功能（封伟） - 项目名称或者项目标识搜索框 - 搜索输入框/,项目管理 - 列表页按钮&功能（封伟） - 项目名称或者项目标识搜索框 - 搜索输入框 - 点击搜索icon触发查询,系统已启动，用户已登录到项目管理模块,"1. 打开项目管理列表页
2. 定位到项目名称或者项目标识搜索框
3. 在搜索框中输入测试数据","1. 搜索框能够接受输入
2. 点击搜索icon后，系统能够触发查询操作
3. ",1,1,功能测试,功能测试阶段
/项目管理 - 列表页按钮&功能（封伟） - 列表页/,项目管理 - 列表页按钮&功能（封伟） - 列表页 - 数据来源：会将一休云项目质检空间老数据刷到DMP,系统已启动，用户已登录，且具有项目管理权限,"1. 打开项目管理列表页
2. 检查按钮和功能是否正确显示
3. 点击按钮或执行功能","1. 列表页按钮和功能显示正确
2. 点击按钮或执行功能后，系统应正确响应
3. 系统应将一休云项目质检空间老数据成功刷到DMP",1,3,功能测试,功能测试阶段
/项目管理 - 列表页按钮&功能（封伟） - 列表页/,项目管理 - 列表页按钮&功能（封伟） - 列表页 - 排序根据创建时间倒序,系统已启动，用户已登录，且已进入项目管理列表页,"1. 进入项目管理列表页
2. 查看当前创建时间排序状态
3. 点击列表页上的创建时间倒序排序按钮","1. 页面成功刷新
2. 创建时间按倒序排列
3. 排序按钮状态显示为已激活或高亮，表示已按创建时间倒序排序",1,4,功能测试,功能测试阶段
/项目管理 - 列表页按钮&功能（封伟） - 列表页 - 项目详情/,项目管理 - 列表页按钮&功能（封伟） - 列表页 - 项目详情 - 项目标识,系统已启动，用户已登录，且已进入项目管理列表页,1. 在项目管理列表页中找到目标项目,1. 目标项目信息清晰可见,1,1,功能测试,功能测试阶段
/项目管理 - 列表页按钮&功能（封伟） - 列表页 - 项目详情/,项目管理 - 列表页按钮&功能（封伟） - 列表页 - 项目详情 - 项目名称,系统已启动，用户已登录，且已进入项目管理列表页,1. 在项目管理列表页中找到目标项目,1. 目标项目名称清晰可见,1,4,功能测试,功能测试阶段
/项目管理 - 列表页按钮&功能（封伟） - 列表页 - 项目详情/,项目管理 - 列表页按钮&功能（封伟） - 列表页 - 项目详情 - 老的空间只有空间名称，同步过来之后，空间名称对应的是项目编码，项目名称自动同步一样的,系统已启动，用户已登录，且项目管理模块已初始化,"1. 打开项目管理列表页
2. 查找并点击特定项目名称
3. 查看项目详情页面
4. 
5. ","1. 成功打开项目管理列表页
2. 列表页显示所有项目信息
3. 点击项目名称后，成功跳转到项目详情页面
4. 项目详情页面显示正确的项目编码
5. 项目名称自动同步为项目编码",1,3,功能测试,功能测试阶段
/项目管理 - 列表页按钮&功能（封伟） - 列表页 - 项目详情 - 项目类型 - 质检/,项目管理 - 列表页按钮&功能（封伟） - 列表页 - 项目详情 - 项目类型 - 质检 - 蓝色,系统已启动，用户已登录，且已进入项目管理列表页,1. 在列表页中找到项目详情按钮,1. 项目详情按钮可见且可点击,1,2,功能测试,功能测试阶段
/项目管理 - 列表页按钮&功能（封伟） - 列表页 - 项目详情 - 项目类型 - EIIR/,项目管理 - 列表页按钮&功能（封伟） - 列表页 - 项目详情 - 项目类型 - EIIR - 暂无,系统已启动，用户已登录，且已进入项目管理列表页,"1. 在列表页中找到EIIR项目类型
2. 点击EIIR项目类型的查看详情按钮
3. ","1. 成功跳转到项目详情页面
2. 页面正确显示EIIR项目的详细信息
3. 页面提示暂无相关信息",1,2,功能测试,功能测试阶段
/项目管理 - 列表页按钮&功能（封伟） - 列表页 - 项目详情 - 产品数量/,项目管理 - 列表页按钮&功能（封伟） - 列表页 - 项目详情 - 产品数量 - 统计项目下的产品数量,系统已启动，用户已登录，且已进入项目管理列表页,1. 在项目管理列表页中找到项目详情按钮,1. 项目详情按钮可见并可点击,1,3,功能测试,功能测试阶段
/项目管理 - 列表页按钮&功能（封伟） - 列表页 - 项目详情 - 设备数量/,项目管理 - 列表页按钮&功能（封伟） - 列表页 - 项目详情 - 设备数量 - 统计项目下的设备数量,系统已启动，用户已登录，且已进入项目管理列表页,"1. 在项目管理列表页中找到项目详情按钮并点击
2. 在项目详情页面中找到设备数量统计功能并点击
3. 查看设备数量统计结果","1. 成功进入项目详情页面
2. 设备数量统计功能正常显示
3. 显示的设备数量与项目实际设备数量一致",1,2,功能测试,功能测试阶段
/项目管理 - 列表页按钮&功能（封伟） - 列表页 - 项目详情 - 成员数量/,项目管理 - 列表页按钮&功能（封伟） - 列表页 - 项目详情 - 成员数量 - 统计项目下的成员数量,系统已启动，用户已登录，且已进入项目管理列表页,"1. 进入项目管理列表页
2. 选择一个项目
3. 点击项目详情按钮","1. 成功进入项目详情页面
2. 项目详情页面正确显示
3. 成员数量统计信息准确无误",1,4,功能测试,功能测试阶段
/项目管理 - 列表页按钮&功能（封伟） - 列表页 - 项目详情 - 状态/,项目管理 - 列表页按钮&功能（封伟） - 列表页 - 项目详情 - 状态 - 进行中（绿色）,系统已启动，用户已登录，且当前处于项目管理列表页,1. 在项目管理列表页中找到项目详情按钮,1. 项目详情按钮可见并可点击,1,1,功能测试,功能测试阶段
/项目管理 - 列表页按钮&功能（封伟） - 列表页 - 项目详情 - 状态/,项目管理 - 列表页按钮&功能（封伟） - 列表页 - 项目详情 - 状态 - 已结项,系统已启动，用户已登录，且已进入项目管理列表页,1. 在列表页中找到目标项目,1. 目标项目状态显示为'已结项',1,3,功能测试,功能测试阶段
/项目管理 - 列表页按钮&功能（封伟） - 列表页 - 项目详情/,项目管理 - 列表页按钮&功能（封伟） - 列表页 - 项目详情 - 具体设计根据UI,系统已启动，用户已登录，且已进入项目管理列表页,1. 在项目管理列表页中找到目标项目,1. 目标项目信息清晰可见,1,4,功能测试,功能测试阶段
/项目管理 - 列表页按钮&功能（封伟） - 列表页 - 操作 - 编辑 - 编辑项目空间弹框 - 项目标识/,项目管理 - 列表页按钮&功能（封伟） - 列表页 - 操作 - 编辑 - 编辑项目空间弹框 - 项目标识 - 回显,系统已启动，用户已登录，且已进入项目管理列表页,"1. 在列表页中找到需要编辑的项目空间
2. 点击编辑按钮
3. 在弹框中查看项目标识","1. 成功打开编辑项目空间弹框
2. 项目标识信息正确回显
3. 弹框中的项目标识信息可编辑",1,2,功能测试,功能测试阶段
/项目管理 - 列表页按钮&功能（封伟） - 列表页 - 操作 - 编辑 - 编辑项目空间弹框 - 项目标识/,项目管理 - 列表页按钮&功能（封伟） - 列表页 - 操作 - 编辑 - 编辑项目空间弹框 - 项目标识 - 不可编辑,系统已启动，用户已登录，且已进入项目管理列表页,1. 在项目管理列表页中找到需要编辑的项目空间,1. 点击编辑按钮，弹出编辑项目空间弹框,1,1,功能测试,功能测试阶段
/项目管理 - 列表页按钮&功能（封伟） - 列表页 - 操作 - 编辑 - 编辑项目空间弹框 - 项目名称/,项目管理 - 列表页按钮&功能（封伟） - 列表页 - 操作 - 编辑 - 编辑项目空间弹框 - 项目名称 - 回显,系统已启动，用户已登录，且已进入项目管理列表页,1. 在项目管理列表页中找到需要编辑的项目空间,1. 点击编辑按钮，弹出编辑项目空间弹框,1,2,功能测试,功能测试阶段
/项目管理 - 列表页按钮&功能（封伟） - 列表页 - 操作 - 编辑 - 编辑项目空间弹框 - 项目名称/,项目管理 - 列表页按钮&功能（封伟） - 列表页 - 操作 - 编辑 - 编辑项目空间弹框 - 项目名称 - 同新增校验,系统已启动，用户已登录，且已进入项目管理列表页,1. 在项目列表页找到需要编辑的项目空间,1. 点击编辑按钮，成功打开编辑项目空间弹框,1,2,功能测试,功能测试阶段
/项目管理 - 列表页按钮&功能（封伟） - 列表页 - 操作 - 编辑 - 编辑项目空间弹框 - 项目类型/,项目管理 - 列表页按钮&功能（封伟） - 列表页 - 操作 - 编辑 - 编辑项目空间弹框 - 项目类型 - 回显,系统已启动，用户已登录，且已进入项目管理列表页,"1. 在列表页中找到需要编辑的项目空间
2. 点击编辑按钮
3. 在弹框中查看项目类型信息","1. 成功打开编辑项目空间弹框
2. 项目类型信息正确回显
3. 弹框界面布局合理，操作按钮可见",1,2,功能测试,功能测试阶段
/项目管理 - 列表页按钮&功能（封伟） - 列表页 - 操作 - 编辑 - 编辑项目空间弹框 - 项目类型/,项目管理 - 列表页按钮&功能（封伟） - 列表页 - 操作 - 编辑 - 编辑项目空间弹框 - 项目类型 - 质检(默认值),系统已启动，用户已登录，且已进入项目管理列表页,"1. 在列表页找到需要编辑的项目空间
2. 点击编辑按钮
3. 在弹框中查看项目类型字段","1. 成功进入编辑项目空间弹框
2. 项目类型字段显示为质检（默认值）
3. 弹框中所有字段均正确显示",1,1,功能测试,功能测试阶段
/项目管理 - 列表页按钮&功能（封伟） - 列表页 - 操作 - 编辑 - 编辑项目空间弹框 - 项目类型/,项目管理 - 列表页按钮&功能（封伟） - 列表页 - 操作 - 编辑 - 编辑项目空间弹框 - 项目类型 - 操作,系统已启动，用户已登录，且已进入项目管理列表页,"1. 在列表页中找到需要编辑的项目空间
2. 点击编辑按钮
3. 在弹框中找到项目类型字段
4. 修改项目类型
5. 点击保存按钮","1. 成功打开编辑项目空间弹框
2. 项目类型字段可编辑
3. 修改后的项目类型被正确保存
4. 弹框关闭，并返回列表页
5. 列表页中对应项目的项目类型更新为修改后的值",1,1,功能测试,功能测试阶段
/项目管理 - 列表页按钮&功能（封伟） - 列表页 - 操作 - 编辑 - 编辑项目空间弹框 - 项目类型/,项目管理 - 列表页按钮&功能（封伟） - 列表页 - 操作 - 编辑 - 编辑项目空间弹框 - 项目类型 - 打磨,系统已启动，用户已登录，且已进入项目管理列表页,"1. 在列表页找到需要编辑的项目空间
2. 点击编辑按钮
3. 在弹框中选择项目类型为‘打磨’","1. 成功打开编辑项目空间弹框
2. 弹框中显示的项目类型选项正确包含‘打磨’
3. 选择‘打磨’后，点击确认按钮，系统正确处理并提示操作成功",1,2,功能测试,功能测试阶段
/项目管理 - 列表页按钮&功能（封伟） - 列表页 - 操作 - 编辑 - 编辑项目空间弹框 - 项目类型/,项目管理 - 列表页按钮&功能（封伟） - 列表页 - 操作 - 编辑 - 编辑项目空间弹框 - 项目类型 - 焊接,系统已启动，用户已登录，且已进入项目管理列表页,"1. 在列表页找到需要编辑的项目空间
2. 点击编辑按钮
3. 在弹框中选择项目类型为焊接","1. 成功打开编辑项目空间弹框
2. 弹框中显示的项目类型选项包含焊接
3. 选择焊接后，点击确认按钮，系统成功更新项目类型并关闭弹框",1,2,功能测试,功能测试阶段
/项目管理 - 列表页按钮&功能（封伟） - 列表页 - 操作 - 编辑 - 编辑项目空间弹框 - 项目类型/,项目管理 - 列表页按钮&功能（封伟） - 列表页 - 操作 - 编辑 - 编辑项目空间弹框 - 项目类型 - 必选项,系统已启动，用户已登录，且已进入项目管理列表页,"1. 在列表页找到需要编辑的项目空间
2. 点击编辑按钮
3. 在弹框中找到项目类型字段","1. 成功打开编辑项目空间弹框
2. 项目类型字段为必选项，有相应的标记或提示
3. 编辑项目空间弹框中其他字段显示正确",1,1,功能测试,功能测试阶段
/项目管理 - 列表页按钮&功能（封伟） - 列表页 - 操作 - 编辑 - 编辑项目空间弹框 - 项目类型/,项目管理 - 列表页按钮&功能（封伟） - 列表页 - 操作 - 编辑 - 编辑项目空间弹框 - 项目类型 - 当前只有质检，其他置灰,系统已启动，用户已登录，且当前用户有权限编辑项目空间,"1. 打开项目管理列表页
2. 找到需要编辑的项目空间
3. 点击编辑按钮","1. 成功打开编辑项目空间弹框
2. 项目类型下拉列表中只显示质检选项
3. 其他项目类型选项均置灰不可选",1,1,功能测试,功能测试阶段
/项目管理 - 列表页按钮&功能（封伟） - 列表页 - 操作 - 编辑 - 编辑项目空间弹框 - 所属行业/,项目管理 - 列表页按钮&功能（封伟） - 列表页 - 操作 - 编辑 - 编辑项目空间弹框 - 所属行业 - 回显,系统已启动，用户已登录，且已进入项目管理列表页,"1. 在列表页中找到需要编辑的项目空间
2. 点击编辑按钮
3. 在弹框中查看所属行业字段","1. 成功进入编辑项目空间弹框
2. 所属行业字段正确回显
3. 所属行业字段可编辑",1,3,功能测试,功能测试阶段
/项目管理 - 列表页按钮&功能（封伟） - 列表页 - 操作 - 编辑 - 编辑项目空间弹框 - 所属行业/,项目管理 - 列表页按钮&功能（封伟） - 列表页 - 操作 - 编辑 - 编辑项目空间弹框 - 所属行业 - 3C电子,系统已启动，用户已登录，且已进入项目管理列表页,"1. 在列表页找到目标项目空间
2. 点击编辑按钮
3. 在弹框中找到所属行业字段
4. 选择3C电子选项
5. 点击保存按钮","1. 成功打开编辑项目空间弹框
2. 所属行业字段可正常选择3C电子
3. 点击保存后，系统成功更新项目空间信息
4. 弹框关闭，并返回列表页显示更新后的信息
5. ",1,4,功能测试,功能测试阶段
/项目管理 - 列表页按钮&功能（封伟） - 列表页 - 操作 - 编辑 - 编辑项目空间弹框 - 所属行业/,项目管理 - 列表页按钮&功能（封伟） - 列表页 - 操作 - 编辑 - 编辑项目空间弹框 - 所属行业 - 汽车配件,系统已启动，用户已登录，且已进入项目管理列表页,"1. 在列表页找到目标项目空间
2. 点击编辑按钮
3. 在弹框中找到所属行业字段
4. 选择汽车配件选项","1. 成功打开编辑项目空间弹框
2. 所属行业字段可正常选择
3. 选择汽车配件后，弹框正确显示该选项
4. 点击保存按钮，系统成功更新项目空间信息并提示操作成功",1,2,功能测试,功能测试阶段
/项目管理 - 列表页按钮&功能（封伟） - 列表页 - 操作 - 编辑 - 编辑项目空间弹框 - 所属行业/,项目管理 - 列表页按钮&功能（封伟） - 列表页 - 操作 - 编辑 - 编辑项目空间弹框 - 所属行业 - 必选项,系统已启动，用户已登录，且已进入项目管理列表页,"1. 在列表页找到需要编辑的项目空间
2. 点击编辑按钮
3. 在弹框中找到所属行业字段","1. 成功打开编辑项目空间弹框
2. 所属行业字段为必选项，且已选中
3. 编辑项目空间弹框中的其他字段信息正确显示",1,4,功能测试,功能测试阶段
/项目管理 - 列表页按钮&功能（封伟） - 列表页 - 操作 - 编辑 - 编辑项目空间弹框 - 项目描述/,项目管理 - 列表页按钮&功能（封伟） - 列表页 - 操作 - 编辑 - 编辑项目空间弹框 - 项目描述 - 文案：请输入不超过250个字符,系统已启动，用户已登录，且已进入项目管理列表页,1. 在项目列表页找到需要编辑的项目空间,1. 成功进入编辑项目空间弹框,1,3,功能测试,功能测试阶段
/项目管理 - 列表页按钮&功能（封伟） - 列表页 - 操作 - 编辑 - 编辑项目空间弹框 - 项目描述/,项目管理 - 列表页按钮&功能（封伟） - 列表页 - 操作 - 编辑 - 编辑项目空间弹框 - 项目描述 - 字符无类型限制,系统已启动，用户已登录，且已进入项目管理列表页,"1. 在项目列表页找到需要编辑的项目空间
2. 点击编辑按钮
3. 在弹框中找到项目描述字段
4. 输入无类型限制的测试字符
5. 点击保存按钮","1. 成功打开编辑项目空间弹框
2. 项目描述字段允许输入无类型限制的字符
3. 点击保存后，系统能够正确保存输入的字符
4. 保存成功后，项目描述字段显示输入的字符
5. ",1,3,功能测试,功能测试阶段
/项目管理 - 列表页按钮&功能（封伟） - 列表页 - 操作 - 编辑 - 编辑项目空间弹框 - 确定/,项目管理 - 列表页按钮&功能（封伟） - 列表页 - 操作 - 编辑 - 编辑项目空间弹框 - 确定 - 同新增规则校验重名和必填项,系统已启动，用户已登录，且项目管理列表页已加载,1. 系统处理编辑请求,1. 系统成功处理编辑请求并提示操作成功,1,3,功能测试,功能测试阶段
/项目管理 - 列表页按钮&功能（封伟） - 列表页 - 操作 - 编辑 - 编辑项目空间弹框/,项目管理 - 列表页按钮&功能（封伟） - 列表页 - 操作 - 编辑 - 编辑项目空间弹框 - 取消,系统已启动，用户已登录，且项目管理列表页已加载,1. 在项目管理列表页中找到需要编辑的项目空间,1. 点击编辑按钮，成功打开编辑项目空间弹框,1,2,功能测试,功能测试阶段
/项目管理 - 列表页按钮&功能（封伟） - 列表页 - 操作 - 结项/,项目管理 - 列表页按钮&功能（封伟） - 列表页 - 操作 - 结项 - 项目空间状态是已结项的置灰,系统已启动，用户已登录，且当前项目空间状态为已结项,"1. 打开项目管理列表页
2. 查找状态为已结项的项目空间
3. ","1. 成功打开项目管理列表页
2. 找到状态为已结项的项目空间
3. 项目空间中的结项按钮被置灰，不可点击",1,4,功能测试,功能测试阶段
/项目管理 - 列表页按钮&功能（封伟） - 列表页 - 操作 - 结项/,项目管理 - 列表页按钮&功能（封伟） - 列表页 - 操作 - 结项 - 二次确认弹框,系统已启动，用户已登录，且当前用户有权限进行结项操作,"1. 打开项目管理列表页
2. 找到待结项的项目
3. 点击项目的结项按钮","1. 显示结项操作确认弹框
2. 弹框中显示项目的基本信息
3. 弹框中包含二次确认的选项（如确认结项和取消结项）",1,1,功能测试,功能测试阶段
/项目管理 - 列表页按钮&功能（封伟） - 列表页 - 操作 - 重启/,项目管理 - 列表页按钮&功能（封伟） - 列表页 - 操作 - 重启 - 项目空间状态是进行中的置灰,系统已启动，用户已登录，且当前项目空间状态为进行中,"1. 打开项目管理列表页
2. 查找处于进行中的项目空间
3. ","1. 成功打开项目管理列表页
2. 找到处于进行中的项目空间
3. 重启按钮处于置灰状态，不可点击",1,2,功能测试,功能测试阶段
/项目管理 - 列表页按钮&功能（封伟） - 列表页 - 操作 - 重启/,项目管理 - 列表页按钮&功能（封伟） - 列表页 - 操作 - 重启 - 二次确认弹框,系统已启动，用户已登录，且处于项目管理列表页,1. 点击列表页中的重启按钮,1. 弹出二次确认弹框,1,4,功能测试,功能测试阶段
/项目管理 - 列表页按钮&功能（封伟） - 列表页 - 操作 - 进入项目/,项目管理 - 列表页按钮&功能（封伟） - 列表页 - 操作 - 进入项目 - 点击进入项目详情→项目总览页面,系统已启动，用户已登录，且项目管理列表页已加载,"1. 打开项目管理列表页
2. 定位到目标项目
3. 点击进入项目详情按钮","1. 成功进入项目详情页面
2. 显示项目总览页面
3. 页面内容正确显示项目相关信息",1,3,功能测试,功能测试阶段
/项目管理 - 【进入项目】 - 项目总览（徐锴） - 项目列表/,项目管理 - 【进入项目】 - 项目总览（徐锴） - 项目列表 - 项目标识,系统已启动，用户已登录，且用户具有项目管理权限,"1. 打开项目管理页面
2. 选择项目总览模块
3. 点击进入项目按钮","1. 成功进入项目总览页面
2. 显示项目列表
3. 项目标识信息正确显示",1,1,功能测试,功能测试阶段
/项目管理 - 【进入项目】 - 项目总览（徐锴） - 项目列表 - 项目类型/,项目管理 - 【进入项目】 - 项目总览（徐锴） - 项目列表 - 项目类型 - 质检,系统已启动，用户已登录，且用户具有项目管理权限,"1. 进入项目管理模块
2. 选择项目总览功能
3. 查看项目列表
4. 选择项目类型为质检的项目","1. 成功进入项目管理模块
2. 正确显示项目总览页面
3. 项目列表中正确显示所有质检类型的项目
4. 选择质检类型的项目后，能够正确显示项目详细信息",1,2,功能测试,功能测试阶段
/项目管理 - 【进入项目】 - 项目总览（徐锴） - 项目列表 - 项目类型/,项目管理 - 【进入项目】 - 项目总览（徐锴） - 项目列表 - 项目类型 - 操作,系统已启动，用户已登录，且用户具有项目管理权限,"1. 进入项目管理模块
2. 选择项目总览功能
3. 查看项目列表
4. 选择特定项目类型","1. 成功进入项目管理模块
2. 正确显示项目总览页面
3. 项目列表完整且可查看
4. 选择的项目类型正确显示",1,4,功能测试,功能测试阶段
/项目管理 - 【进入项目】 - 项目总览（徐锴） - 项目列表 - 项目类型/,项目管理 - 【进入项目】 - 项目总览（徐锴） - 项目列表 - 项目类型 - 焊接,系统已启动，用户已登录，且用户具有项目管理权限,"1. 进入项目管理模块
2. 选择项目总览功能
3. 查找徐锴负责的项目
4. 点击进入项目","1. 成功进入项目总览页面
2. 页面显示徐锴负责的项目列表
3. 页面正确显示项目类型为焊接
4. ",1,1,功能测试,功能测试阶段
/项目管理 - 【进入项目】 - 项目总览（徐锴） - 项目列表 - 项目类型/,项目管理 - 【进入项目】 - 项目总览（徐锴） - 项目列表 - 项目类型 - 打磨,系统已启动，用户已登录，且用户具有项目管理权限,"1. 进入项目管理模块
2. 选择项目总览功能
3. 查看项目列表
4. 选择项目类型为‘打磨’","1. 成功进入项目管理模块
2. 成功显示项目总览页面
3. 项目列表正确显示
4. 成功筛选出项目类型为‘打磨’的项目",1,2,功能测试,功能测试阶段
/项目管理 - 【进入项目】 - 项目总览（徐锴） - 项目列表 - 项目状态/,项目管理 - 【进入项目】 - 项目总览（徐锴） - 项目列表 - 项目状态 - 进行中,系统已启动，用户已登录，且用户具有查看项目列表的权限,"1. 打开项目管理页面
2. 点击进入项目按钮
3. 选择项目总览（徐锴）模块
4. 查看项目列表","1. 成功进入项目管理页面
2. 正确显示项目总览（徐锴）模块
3. 成功显示项目列表
4. 项目状态正确显示为进行中",1,3,功能测试,功能测试阶段
/项目管理 - 【进入项目】 - 项目总览（徐锴） - 项目列表 - 项目状态/,项目管理 - 【进入项目】 - 项目总览（徐锴） - 项目列表 - 项目状态 - 已结项,系统已启动，用户已登录，且用户具有查看项目状态的权限,"1. 打开项目管理页面
2. 进入项目总览模块
3. 选择徐锴负责的项目
4. 点击进入项目列表页面","1. 成功进入项目总览页面
2. 正确显示徐锴负责的项目列表
3. 项目状态清晰展示，包括已结项的项目
4. ",1,3,功能测试,功能测试阶段
/项目管理 - 【进入项目】 - 项目总览（徐锴） - 项目列表/,项目管理 - 【进入项目】 - 项目总览（徐锴） - 项目列表 - 创建时间,系统已启动，用户已登录，且具有项目管理权限,"1. 进入项目管理模块
2. 选择项目总览功能
3. 查看项目列表
4. 点击创建新项目按钮","1. 成功进入项目管理模块
2. 成功显示项目总览页面
3. 项目列表完整显示
4. 点击创建新项目按钮后，能够进入创建项目页面",1,3,功能测试,功能测试阶段
/项目管理 - 【进入项目】 - 项目总览（徐锴） - 项目列表 - 交付组长/,项目管理 - 【进入项目】 - 项目总览（徐锴） - 项目列表 - 交付组长 - 在UUAM中配置的一休系统角色,系统已启动，用户已登录，且用户具有项目管理权限,"1. 进入项目管理模块
2. 选择项目总览功能
3. 查找徐锴负责的项目
4. 点击进入项目详情页面","1. 成功进入项目总览页面
2. 徐锴负责的项目信息正确显示
3. 页面中包含交付组长角色配置选项
4. 在UUAM中配置的一休系统角色正确关联到交付组长",1,3,功能测试,功能测试阶段
/项目管理 - 【进入项目】 - 项目总览（徐锴） - 项目列表 - 交付组长/,项目管理 - 【进入项目】 - 项目总览（徐锴） - 项目列表 - 交付组长 - 展示所有交付组长信息,系统已启动，用户已登录，且用户具有查看项目总览的权限,"1. 打开项目管理模块
2. 进入项目总览页面
3. 选择徐锴作为交付组长
4. 点击展示所有交付组长信息按钮","1. 成功打开项目管理模块
2. 正确进入项目总览页面
3. 徐锴的交付组长信息正确展示
4. 所有交付组长信息完整无误地展示",1,3,功能测试,功能测试阶段
/项目管理 - 【进入项目】 - 项目总览（徐锴） - 项目列表 - 交付组长 - UUAM中新增后，当前页面刷新后会展示/,项目管理 - 【进入项目】 - 项目总览（徐锴） - 项目列表 - 交付组长 - UUAM中新增后，当前页面刷新后会展示 - fat环境需要uuam配置云舟系统角色才能在项目中添加对应成员,系统已启动，用户已登录，且fat环境已配置uuam和云舟系统角色,"1. 进入项目管理模块
2. 选择项目总览（徐锴）- 项目列表
3. 在交付组长部分，进行UUAM中新增操作
4. ","1. 成功进入项目管理模块
2. 成功选择项目总览（徐锴）- 项目列表
3. 成功在UUAM中新增操作
4. 当前页面刷新后，展示新增的UUAM成员",1,3,功能测试,功能测试阶段
/项目管理 - 【进入项目】 - 项目总览（徐锴） - 项目列表 - 算法主管/,项目管理 - 【进入项目】 - 项目总览（徐锴） - 项目列表 - 算法主管 - 在UUAM中配置的一休系统角色,系统已启动，用户已登录，且用户具有项目管理权限,"1. 进入项目管理模块
2. 选择【进入项目】
3. 选择项目总览（徐锴）
4. 点击项目列表
5. 选择算法主管
6. 在UUAM中配置一休系统角色","1. 成功进入项目管理模块
2. 正确显示项目总览（徐锴）
3. 成功显示项目列表
4. 成功选择算法主管
5. 成功在UUAM中配置一休系统角色
6. ",1,1,功能测试,功能测试阶段
/项目管理 - 【进入项目】 - 项目总览（徐锴） - 项目列表 - 算法主管/,项目管理 - 【进入项目】 - 项目总览（徐锴） - 项目列表 - 算法主管 - 展示所有算法主管信息,系统已启动，用户已登录，且用户具有查看项目总览的权限,"1. 打开项目管理页面
2. 进入项目总览模块
3. 选择算法主管信息展示选项","1. 成功进入项目总览页面
2. 正确展示所有算法主管信息
3. 展示的信息包括姓名、职位、负责项目等关键信息",1,4,功能测试,功能测试阶段
/项目管理 - 【进入项目】 - 项目总览（徐锴） - 项目列表 - 算法主管 - UUAM中新增后，当前页面刷新后会展示/,项目管理 - 【进入项目】 - 项目总览（徐锴） - 项目列表 - 算法主管 - UUAM中新增后，当前页面刷新后会展示 - fat环境需要uuam配置云舟系统角色才能在项目中添加对应成员,系统已启动，用户已登录，且fat环境已配置uuam和云舟系统角色,"1. 进入项目管理模块
2. 选择项目总览功能
3. 查看项目列表
4. 点击算法主管对应的操作按钮
5. 在UUAM中新增成员
6. ","1. 成功进入项目管理模块
2. 成功选择项目总览功能
3. 成功查看项目列表
4. 成功点击算法主管对应的操作按钮
5. 成功在UUAM中新增成员
6. 当前页面刷新后，展示新增的成员信息",1,1,功能测试,功能测试阶段
/项目管理 - 【进入项目】 - 项目总览（徐锴） - 项目列表/,项目管理 - 【进入项目】 - 项目总览（徐锴） - 项目列表 - 成员数量,系统已启动，用户已登录，且用户具有查看项目成员数量的权限,"1. 打开项目管理页面
2. 选择目标项目
3. 进入项目总览页面","1. 成功进入项目管理页面
2. 成功选择目标项目
3. 成功进入项目总览页面，并显示项目成员数量",1,1,功能测试,功能测试阶段
/项目管理 - 【进入项目】 - 项目总览（徐锴） - 产品数量 - 交互按钮“前往一休云” - 获取当前dmp登录人员bearer token自动登录？/,项目管理 - 【进入项目】 - 项目总览（徐锴） - 产品数量 - 交互按钮“前往一休云” - 获取当前dmp登录人员bearer token自动登录？ - 统一跳项目空间列表,系统已启动，用户已登录,"1. 进入项目管理模块
2. 选择目标项目
3. 在项目总览页面找到产品数量
4. 点击交互按钮“前往一休云”","1. 成功进入项目管理模块
2. 正确选择目标项目
3. 成功进入项目总览页面并显示产品数量
4. 点击“前往一休云”按钮后，自动获取当前dmp登录人员的bearer token并跳转到项目空间列表",1,1,功能测试,功能测试阶段
/项目管理 - 【进入项目】 - 项目总览（徐锴） - 产品数量 - 交互按钮“前往一休云” - 该账号无一休系统权限/,项目管理 - 【进入项目】 - 项目总览（徐锴） - 产品数量 - 交互按钮“前往一休云” - 该账号无一休系统权限 - 提示无权限，跳转登录页,系统已启动，用户已登录，且当前用户无一休系统权限,"1. 打开项目管理页面
2. 进入指定项目总览页面
3. 点击产品数量下的交互按钮“前往一休云”","1. 系统提示无权限
2. 系统跳转至登录页面
3. ",1,2,功能测试,功能测试阶段
/项目管理 - 【进入项目】 - 项目总览（徐锴）/,项目管理 - 【进入项目】 - 项目总览（徐锴） - 机器数量,系统已启动，用户已登录，且用户具有查看项目总览的权限,"1. 进入项目管理模块
2. 选择目标项目
3. 点击进入项目按钮","1. 成功进入项目总览页面
2. 页面正确显示项目信息
3. 页面正确显示项目中的机器数量",1,4,功能测试,功能测试阶段
/项目管理 - 【进入项目】 - 项目总览（徐锴） - 产品维度数据 - 产品选择框/,项目管理 - 【进入项目】 - 项目总览（徐锴） - 产品维度数据 - 产品选择框 - 默认值“全部”,系统已启动，用户已登录，且用户具有项目管理权限,"1. 进入项目管理模块
2. 选择产品维度数据
3. 查看产品选择框","1. 成功进入项目管理模块
2. 产品维度数据页面正确显示
3. 产品选择框默认显示“全部”选项",1,1,功能测试,功能测试阶段
/项目管理 - 【进入项目】 - 项目总览（徐锴） - 产品维度数据 - 产品选择框/,项目管理 - 【进入项目】 - 项目总览（徐锴） - 产品维度数据 - 产品选择框 - 单选产品,系统已启动，用户已登录，且用户具有项目管理权限,"1. 打开项目管理页面
2. 进入项目总览页面
3. 选择产品维度数据
4. 在产品选择框中选择单选产品
5. ","1. 成功打开项目管理页面
2. 成功进入项目总览页面
3. 产品维度数据选项正确显示
4. 产品选择框中单选产品选项正确显示
5. 选择单选产品后，系统正确处理并显示相关数据",1,3,功能测试,功能测试阶段
/项目管理 - 【进入项目】 - 项目总览（徐锴） - 产品维度数据 - 产品选择框/,项目管理 - 【进入项目】 - 项目总览（徐锴） - 产品维度数据 - 产品选择框 - 输入筛选功能,系统已启动，用户已登录，且已进入项目管理模块,"1. 进入产品维度数据页面
2. 定位到产品选择框
3. 输入筛选关键词","1. 产品选择框显示输入的筛选关键词
2. 系统根据输入的关键词过滤产品列表
3. 筛选后的产品列表正确显示",1,2,功能测试,功能测试阶段
/项目管理 - 【进入项目】 - 项目总览（徐锴） - 产品维度数据 - 标准数据集样本总量/,项目管理 - 【进入项目】 - 项目总览（徐锴） - 产品维度数据 - 标准数据集样本总量 - 一休获取,系统已启动，用户已登录，且用户具有项目管理权限,"1. 进入项目管理模块
2. 选择产品维度数据
3. 查找标准数据集样本总量
4. 点击进入一休获取页面","1. 成功进入项目管理模块
2. 产品维度数据列表显示正常
3. 标准数据集样本总量信息准确无误
4. 成功进入一休获取页面，并显示相关数据",1,3,功能测试,功能测试阶段
/项目管理 - 【进入项目】 - 项目总览（徐锴） - 产品维度数据 - bash数据集样本总量/,项目管理 - 【进入项目】 - 项目总览（徐锴） - 产品维度数据 - bash数据集样本总量 - 一休获取,系统已启动，用户已登录，且用户具有项目管理权限,"1. 进入项目管理模块
2. 选择【进入项目】功能
3. 选择徐锴负责的项目
4. 点击项目总览页面
5. 切换到产品维度数据页面
6. 查找bash数据集样本总量信息","1. 成功进入项目管理模块
2. 成功选择徐锴负责的项目
3. 成功进入项目总览页面
4. 成功切换到产品维度数据页面
5. 成功找到bash数据集样本总量信息
6. ",1,4,功能测试,功能测试阶段
/项目管理 - 【进入项目】 - 项目总览（徐锴） - 产品维度数据 - 模型版本数量/,项目管理 - 【进入项目】 - 项目总览（徐锴） - 产品维度数据 - 模型版本数量 - 一休获取,系统已启动，用户已登录，且用户具有查看项目总览的权限,"1. 进入项目管理模块
2. 选择产品维度数据
3. 点击进入模型版本数量页面","1. 成功进入模型版本数量页面
2. 页面显示所有模型版本数量
3. 数据准确无误，可进行查看和分析",1,3,功能测试,功能测试阶段
/项目管理 - 【进入项目】 - 项目总览（徐锴） - 机器维度数据 - 机器选择框/,项目管理 - 【进入项目】 - 项目总览（徐锴） - 机器维度数据 - 机器选择框 - 默认值“全部”,系统已启动，用户已登录，且已进入项目管理模块,"1. 进入项目总览页面
2. 查看机器维度数据部分
3. 观察机器选择框的默认值","1. 成功进入项目总览页面
2. 机器维度数据部分可见
3. 机器选择框的默认值为“全部”",1,2,功能测试,功能测试阶段
/项目管理 - 【进入项目】 - 项目总览（徐锴） - 机器维度数据 - 机器选择框/,项目管理 - 【进入项目】 - 项目总览（徐锴） - 机器维度数据 - 机器选择框 - 单选机器,系统已启动，用户已登录，且用户具有项目管理权限,"1. 打开项目管理页面
2. 进入项目总览页面
3. 选择机器维度数据
4. 在机器选择框中选择单台机器","1. 成功打开项目管理页面
2. 成功进入项目总览页面
3. 机器维度数据正确显示
4. 选择的单台机器被正确选中并显示",1,4,功能测试,功能测试阶段
/项目管理 - 【进入项目】 - 项目总览（徐锴） - 机器维度数据 - 机器选择框/,项目管理 - 【进入项目】 - 项目总览（徐锴） - 机器维度数据 - 机器选择框 - 输入筛选功能,系统已启动，用户已登录，且已进入项目管理模块,"1. 打开项目总览页面
2. 进入机器维度数据页面
3. 定位到机器选择框
4. 输入筛选条件","1. 成功打开机器维度数据页面
2. 机器选择框可正常显示
3. 输入筛选条件后，系统根据条件筛选出相关机器
4. ",1,3,功能测试,功能测试阶段
/项目管理 - 【进入项目】 - 项目总览（徐锴） - 机器维度数据 - 已完成机电方案数量/,项目管理 - 【进入项目】 - 项目总览（徐锴） - 机器维度数据 - 已完成机电方案数量 - ST获取,系统已启动，用户已登录，且具有项目管理权限,"1. 进入项目管理模块
2. 选择【进入项目】功能
3. 选择徐锴负责的项目
4. 点击项目总览页面
5. 切换到机器维度数据页面","1. 成功进入徐锴负责的项目
2. 项目总览页面正确加载
3. 机器维度数据页面正确显示
4. 已完成机电方案数量信息准确无误
5. ",1,2,功能测试,功能测试阶段
/项目管理 - 【进入项目】 - 项目总览（徐锴） - 机器维度数据 - 已完成光学方案数量/,项目管理 - 【进入项目】 - 项目总览（徐锴） - 机器维度数据 - 已完成光学方案数量 - ST获取,系统已启动，用户已登录,"1. 进入项目管理模块
2. 选择【进入项目】功能
3. 选择徐锴的项目
4. 转到项目总览页面
5. 点击机器维度数据选项","1. 成功进入徐锴的项目总览页面
2. 机器维度数据信息正确显示
3. 已完成光学方案数量数据准确无误
4. 
5. ",1,2,功能测试,功能测试阶段
/项目管理 - 【进入项目】 - 产品管理（中婷） - 【添加产品】 - 产品标识/,项目管理 - 【进入项目】 - 产品管理（中婷） - 【添加产品】 - 产品标识 - 对应一休的产品编号、名称,系统已启动，用户已登录到项目管理模块,"1. 进入产品管理页面
2. 点击添加产品按钮
3. 在产品标识部分，输入对应一休的产品编号
4. 输入对应一休的产品名称","1. 成功进入产品管理页面
2. 添加产品页面正确显示
3. 产品编号正确输入
4. 产品名称正确输入",1,3,功能测试,功能测试阶段
/项目管理 - 【进入项目】 - 产品管理（中婷） - 【添加产品】 - 产品标识/,项目管理 - 【进入项目】 - 产品管理（中婷） - 【添加产品】 - 产品标识 - 英文字母、数字、_,系统已启动，用户已登录到项目管理模块,"1. 进入产品管理页面
2. 点击添加产品按钮
3. 在产品标识输入框中输入英文字母、数字、_的组合","1. 成功进入产品管理页面
2. 添加产品按钮可点击
3. 输入框允许输入英文字母、数字、_的组合",1,2,功能测试,功能测试阶段
/项目管理 - 【进入项目】 - 产品管理（中婷） - 【添加产品】 - 产品标识/,项目管理 - 【进入项目】 - 产品管理（中婷） - 【添加产品】 - 产品标识 - 长度限制32位,系统已启动，用户已登录到项目管理模块,"1. 进入产品管理页面
2. 点击添加产品按钮
3. 在产品标识输入框中输入超过32位的测试数据","1. 成功进入产品管理页面
2. 点击添加产品按钮后，产品标识输入框可正常显示
3. 当输入超过32位的测试数据时，系统应提示输入长度超出限制，并限制输入长度不超过32位",1,4,功能测试,功能测试阶段
/项目管理 - 【进入项目】 - 产品管理（中婷） - 【添加产品】 - 产品标识/,项目管理 - 【进入项目】 - 产品管理（中婷） - 【添加产品】 - 产品标识 - 必填,系统已启动，用户已登录到项目管理模块,"1. 进入产品管理页面
2. 点击添加产品按钮
3. 进入产品标识页面","1. 成功进入产品标识页面
2. 产品标识字段为必填项
3. 系统提示必填项未填写",1,1,功能测试,功能测试阶段
/项目管理 - 【进入项目】 - 产品管理（中婷） - 【添加产品】 - 产品标识/,项目管理 - 【进入项目】 - 产品管理（中婷） - 【添加产品】 - 产品标识 - 不允许重复,系统已启动，用户已登录，且当前用户具有添加产品的权限,"1. 打开项目管理页面
2. 进入产品管理模块
3. 点击添加产品按钮
4. 输入产品标识信息
5. 点击提交按钮","1. 成功打开添加产品页面
2. 产品标识信息正确显示
3. 当输入重复的产品标识时，系统提示错误信息，不允许重复
4. 
5. ",1,1,功能测试,功能测试阶段
/项目管理 - 【进入项目】 - 产品管理（中婷） - 【添加产品】 - 产品名称/,项目管理 - 【进入项目】 - 产品管理（中婷） - 【添加产品】 - 产品名称 - 对应一休的产品显示名称,系统已启动，用户已登录到项目管理模块,"1. 进入项目
2. 选择产品管理功能
3. 点击添加产品按钮
4. 输入产品名称","1. 成功进入产品添加页面
2. 产品名称输入框可用
3. 输入的产品名称正确显示对应一休的产品显示名称
4. ",1,3,功能测试,功能测试阶段
/项目管理 - 【进入项目】 - 产品管理（中婷） - 【添加产品】 - 产品名称/,项目管理 - 【进入项目】 - 产品管理（中婷） - 【添加产品】 - 产品名称 - 中英文字母、数字、_,系统已启动，用户已登录到项目管理模块,"1. 进入产品管理页面
2. 点击添加产品按钮
3. 在产品名称输入框中输入中英文字母、数字、_的组合","1. 成功进入产品管理页面
2. 添加产品按钮可点击
3. 输入框允许输入中英文字母、数字、_的组合",1,3,功能测试,功能测试阶段
/项目管理 - 【进入项目】 - 产品管理（中婷） - 【添加产品】 - 产品名称/,项目管理 - 【进入项目】 - 产品管理（中婷） - 【添加产品】 - 产品名称 - 长度限制32位,系统已启动，用户已登录到项目管理模块,"1. 进入产品管理页面
2. 点击添加产品按钮
3. 在产品名称输入框中输入超过32位的测试数据","1. 成功进入产品管理页面
2. 添加产品按钮可正常点击
3. 输入超过32位的测试数据后，系统提示输入长度超出限制，并限制输入长度为32位",1,4,功能测试,功能测试阶段
/项目管理 - 【进入项目】 - 产品管理（中婷） - 【添加产品】 - 产品名称/,项目管理 - 【进入项目】 - 产品管理（中婷） - 【添加产品】 - 产品名称 - 必填,系统已启动，用户已登录到项目管理模块,"1. 进入产品管理页面
2. 点击添加产品按钮
3. 在产品名称字段中输入测试数据","1. 成功进入产品管理页面
2. 添加产品页面正确显示
3. 产品名称字段为必填项，未输入数据时无法提交",1,3,功能测试,功能测试阶段
/项目管理 - 【进入项目】 - 产品管理（中婷） - 【添加产品】 - 产品名称/,项目管理 - 【进入项目】 - 产品管理（中婷） - 【添加产品】 - 产品名称 - 不允许重复,系统已启动，用户已登录，且当前用户有权限添加产品,"1. 打开项目管理页面
2. 进入产品管理模块
3. 点击添加产品按钮
4. 输入产品名称
5. 点击提交按钮","1. 成功打开产品添加页面
2. 产品名称输入框可正常输入
3. 当输入重复的产品名称时，系统提示错误信息，不允许重复
4. 
5. ",1,2,功能测试,功能测试阶段
/项目管理 - 【进入项目】 - 产品管理（中婷） - 【添加产品】 - 【确定】/,项目管理 - 【进入项目】 - 产品管理（中婷） - 【添加产品】 - 【确定】 - 校验字段限制,系统已启动，用户已登录到项目管理模块,"1. 进入项目
2. 选择产品管理功能
3. 点击添加产品按钮
4. 输入产品信息
5. 点击确定按钮","1. 成功进入产品添加页面
2. 输入的产品信息符合字段限制要求
3. 点击确定后，系统验证字段限制并通过添加产品
4. 
5. ",1,4,功能测试,功能测试阶段
/项目管理 - 【进入项目】 - 产品管理（中婷） - 【添加产品】 - 【确定】/,项目管理 - 【进入项目】 - 产品管理（中婷） - 【添加产品】 - 【确定】 - 保存成功，列表对应展示，数据来源为：云,系统已启动，用户已登录，且已进入项目管理页面,"1. 打开产品管理页面
2. 输入产品相关信息
3. 点击【添加产品】按钮
4. 点击【确定】按钮","1. 成功添加产品
2. 产品信息正确显示在列表中
3. 数据来源正确显示为：云
4. ",1,1,功能测试,功能测试阶段
/项目管理 - 【进入项目】 - 产品管理（中婷） - 【添加产品】 - 【确定】/,项目管理 - 【进入项目】 - 产品管理（中婷） - 【添加产品】 - 【确定】 - 新增成功会将数据同步到：一休云（智检精灵获取一休的产品）、数据资产（st、EIIR获取数资的产品),系统已启动，用户已登录，且用户具有添加产品的权限,"1. 打开项目管理页面
2. 选择进入项目
3. 进入产品管理模块
4. 点击添加产品按钮
5. 输入产品相关信息
6. 点击确定按钮","1. 成功打开产品添加页面
2. 输入的产品信息正确无误
3. 点击确定后，系统成功处理并提示操作成功
4. 新增的产品数据同步到一休云
5. 新增的产品数据同步到数据资产
6. ",1,1,功能测试,功能测试阶段
/项目管理 - 【进入项目】 - 产品管理（中婷） - 【添加产品】/,项目管理 - 【进入项目】 - 产品管理（中婷） - 【添加产品】 - 【取消】,系统已启动，用户已登录到项目管理模块,"1. 进入项目页面
2. 选择产品管理模块
3. 点击添加产品按钮
4. 输入产品信息
5. 点击取消按钮","1. 成功进入产品管理页面
2. 产品信息正确显示
3. 点击取消后，返回到产品管理页面
4. 产品信息未被保存
5. ",1,1,功能测试,功能测试阶段
/项目管理 - 【进入项目】 - 产品管理（中婷） - 搜索 - 创建来源 - 下拉选 - 全部/,项目管理 - 【进入项目】 - 产品管理（中婷） - 搜索 - 创建来源 - 下拉选 - 全部 - 默认,系统已启动，用户已登录到项目管理模块,"1. 进入产品管理页面
2. 在搜索框中输入相关关键词
3. 在创建来源下拉选中选择'全部'
4. 点击搜索按钮","1. 成功进入产品管理页面
2. 输入的关键词正确显示在搜索框中
3. 创建来源下拉选显示'全部'选项
4. 点击搜索后，系统显示默认搜索结果",1,1,功能测试,功能测试阶段
/项目管理 - 【进入项目】 - 产品管理（中婷） - 搜索 - 创建来源 - 下拉选/,项目管理 - 【进入项目】 - 产品管理（中婷） - 搜索 - 创建来源 - 下拉选 - 云,系统已启动，用户已登录到项目管理模块,"1. 进入产品管理页面
2. 在搜索框中输入相关关键词
3. 选择创建来源
4. 在下拉选中选择'云'","1. 成功进入产品管理页面
2. 搜索框正确显示并接受输入
3. 创建来源选项正确显示
4. '云'选项在下拉选中可被选中",1,2,功能测试,功能测试阶段
/项目管理 - 【进入项目】 - 产品管理（中婷） - 搜索 - 创建来源 - 下拉选/,项目管理 - 【进入项目】 - 产品管理（中婷） - 搜索 - 创建来源 - 下拉选 - 本地,系统已启动，用户已登录到项目管理模块,"1. 进入产品管理页面
2. 在搜索框中输入相关关键词
3. 点击创建来源按钮
4. 在下拉选中选择'本地'","1. 成功进入产品管理页面
2. 搜索框正确显示并接受输入
3. 点击创建来源按钮后，下拉选正确显示
4. 选择'本地'后，系统正确处理并显示相关操作结果",1,1,功能测试,功能测试阶段
/项目管理 - 【进入项目】 - 产品管理（中婷） - 搜索 - 名称或标识/,项目管理 - 【进入项目】 - 产品管理（中婷） - 搜索 - 名称或标识 - 模糊搜索,系统已启动，用户已登录到项目管理模块,"1. 打开产品管理页面
2. 在搜索框中输入名称或标识
3. 点击搜索按钮","1. 成功打开产品管理页面
2. 搜索框正确显示并接受输入
3. 点击搜索后，系统显示与输入名称或标识匹配的结果",1,3,功能测试,功能测试阶段
/项目管理 - 【进入项目】 - 产品管理（中婷） - 列表/,项目管理 - 【进入项目】 - 产品管理（中婷） - 列表 - 产品标识,系统已启动，用户已登录到项目管理模块,"1. 进入产品管理列表页面
2. 查找目标产品标识
3. 点击进入产品标识详情","1. 成功进入产品标识详情页面
2. 产品标识信息完整且准确
3. 页面布局合理，功能操作流畅",1,2,功能测试,功能测试阶段
/项目管理 - 【进入项目】 - 产品管理（中婷） - 列表/,项目管理 - 【进入项目】 - 产品管理（中婷） - 列表 - 产品名称,系统已启动，用户已登录到项目管理模块,"1. 进入产品管理列表页面
2. 查找目标产品名称
3. 点击进入产品详情","1. 成功进入产品管理列表页面
2. 列表中显示所有产品名称
3. 点击产品名称后，成功进入对应产品的详情页面",1,3,功能测试,功能测试阶段
/项目管理 - 【进入项目】 - 产品管理（中婷） - 列表 - 创建来源/,项目管理 - 【进入项目】 - 产品管理（中婷） - 列表 - 创建来源 - 通过项目交付系统创建的为：云,系统已启动，用户已登录,"1. 打开项目管理页面
2. 进入产品管理模块
3. 选择列表功能
4. 点击创建来源按钮","1. 成功打开创建来源页面
2. 页面显示通过项目交付系统创建的选项
3. 选项中包含“云”
4. ",1,2,功能测试,功能测试阶段
/项目管理 - 【进入项目】 - 产品管理（中婷） - 列表 - 创建来源/,项目管理 - 【进入项目】 - 产品管理（中婷） - 列表 - 创建来源 - 通过智检精灵创建的为：本地,系统已启动，用户已登录，且具有项目管理权限,"1. 进入项目管理模块
2. 选择产品管理功能
3. 点击列表页面
4. 选择创建来源为智检精灵
5. 选择本地作为创建来源","1. 成功进入产品管理列表页面
2. 创建来源选项中显示智检精灵
3. 成功选择本地作为创建来源
4. 
5. ",1,1,功能测试,功能测试阶段
/项目管理 - 【进入项目】 - 产品管理（中婷） - 列表 - 创建来源 - 一休云创建的为：云/,项目管理 - 【进入项目】 - 产品管理（中婷） - 列表 - 创建来源 - 一休云创建的为：云 - 历史数据需要全部同步过来,系统已启动，用户已登录，且具有项目管理权限,"1. 进入项目管理模块
2. 选择产品管理功能
3. 点击列表页面
4. 选择创建来源为‘一休云创建’
5. 选择同步历史数据选项","1. 成功进入项目管理模块
2. 成功进入产品管理列表页面
3. 成功选择创建来源为‘一休云创建’
4. 成功同步历史数据
5. ",1,1,功能测试,功能测试阶段
/项目管理 - 【进入项目】 - 产品管理（中婷） - 列表 - 创建来源 - 一休云创建的为：云/,"项目管理 - 【进入项目】 - 产品管理（中婷） - 列表 - 创建来源 - 一休云创建的为：云 - 后续一休中仅作展示,不可新增、编辑、删除（v6.1）",系统已启动，用户已登录，且具有项目管理权限,"1. 进入项目管理模块
2. 选择产品管理列表
3. 查找并点击创建来源功能
4. 选择一休云创建的来源类型为云
5. 确认选择并提交","1. 成功进入项目管理模块
2. 成功进入产品管理列表页面
3. 成功选择创建来源功能
4. 成功选择一休云创建的来源类型为云
5. 系统提示操作成功，创建来源完成",1,3,功能测试,功能测试阶段
/项目管理 - 【进入项目】 - 产品管理（中婷） - 列表 - 创建来源 - 一休云创建的为：云/,项目管理 - 【进入项目】 - 产品管理（中婷） - 列表 - 创建来源 - 一休云创建的为：云 - 一休中保留产品相关指标、策略、标签配置,系统已启动，用户已登录，且具有项目管理权限,"1. 进入项目管理模块
2. 选择产品管理列表
3. 点击创建来源按钮
4. 选择一休云创建的来源类型为“云”
5. 在一休中配置产品相关指标、策略、标签","1. 成功进入项目管理模块
2. 成功选择产品管理列表
3. 成功点击创建来源按钮
4. 成功选择一休云创建的来源类型为“云”
5. 成功在一休中配置产品相关指标、策略、标签",1,4,功能测试,功能测试阶段
/项目管理 - 【进入项目】 - 产品管理（中婷） - 列表 - 原始标准样本总量/,项目管理 - 【进入项目】 - 产品管理（中婷） - 列表 - 原始标准样本总量 - 一休云该产品下原始标准样本数量,系统已启动，用户已登录到项目管理模块,"1. 进入产品管理列表页面
2. 选择指定的一休云产品
3. 查看该产品下的原始标准样本数量","1. 成功进入产品管理列表页面
2. 正确显示指定的一休云产品信息
3. 准确显示该产品下的原始标准样本数量",1,3,功能测试,功能测试阶段
/项目管理 - 【进入项目】 - 产品管理（中婷） - 列表 - 原始bash样本总量/,项目管理 - 【进入项目】 - 产品管理（中婷） - 列表 - 原始bash样本总量 - 一休云该产品下原始bash样本数量,系统已启动，用户已登录到项目管理模块,"1. 进入产品管理页面
2. 选择【进入项目】功能
3. 查找并点击指定的产品
4. 进入产品详情页面","1. 成功进入产品管理页面
2. 成功进入指定的产品详情页面
3. 系统显示该产品下的原始bash样本总量
4. ",1,1,功能测试,功能测试阶段
/项目管理 - 【进入项目】 - 产品管理（中婷） - 列表 - 标准数据集样本总量/,项目管理 - 【进入项目】 - 产品管理（中婷） - 列表 - 标准数据集样本总量 - 一休云该产品下标准数据集样本数量,系统已启动，用户已登录到项目管理模块,"1. 进入产品管理页面
2. 选择【进入项目】功能
3. 选择具体的产品
4. 点击列表查看按钮","1. 成功进入产品管理页面
2. 正确显示产品下的标准数据集样本总量
3. 显示该产品下的标准数据集样本数量
4. ",1,2,功能测试,功能测试阶段
/项目管理 - 【进入项目】 - 产品管理（中婷） - 列表 - bash数据集样本总量/,项目管理 - 【进入项目】 - 产品管理（中婷） - 列表 - bash数据集样本总量 - 一休云该产品下bash数据集样本数量,系统已启动，用户已登录到项目管理模块,"1. 进入产品管理页面
2. 选择【进入项目】功能
3. 选择具体的产品
4. 点击列表查看bash数据集样本总量","1. 成功进入产品管理页面
2. 正确选择并进入具体产品
3. 列表中正确显示bash数据集样本总量
4. 一休云该产品下bash数据集样本数量正确显示",1,3,功能测试,功能测试阶段
/项目管理 - 【进入项目】 - 产品管理（中婷） - 列表 - 模型版本数量/,项目管理 - 【进入项目】 - 产品管理（中婷） - 列表 - 模型版本数量 - 一休云该产品下深度模型数量,系统已启动，用户已登录到项目管理模块,"1. 进入产品管理列表页面
2. 选择指定产品
3. 查看模型版本数量信息","1. 成功进入产品管理列表页面
2. 正确显示指定产品信息
3. 显示该产品下的深度模型数量",1,3,功能测试,功能测试阶段
/项目管理 - 【进入项目】 - 产品管理（中婷） - 列表 - 【编辑】 - 产品标识/,项目管理 - 【进入项目】 - 产品管理（中婷） - 列表 - 【编辑】 - 产品标识 - 不可修改,系统已启动，用户已登录，且已进入项目列表页面,"1. 进入项目列表页面
2. 选择需要编辑的产品
3. 点击编辑按钮","1. 成功进入产品编辑页面
2. 产品标识字段处于不可编辑状态
3. ",1,1,功能测试,功能测试阶段
/项目管理 - 【进入项目】 - 产品管理（中婷） - 列表 - 【编辑】 - 产品名称/,项目管理 - 【进入项目】 - 产品管理（中婷） - 列表 - 【编辑】 - 产品名称 - 必填,系统已启动，用户已登录，且已进入项目管理模块,"1. 进入产品管理列表页面
2. 选择需要编辑的产品
3. 点击编辑按钮","1. 成功进入产品编辑页面
2. 产品名称字段为必填项，且必须有提示要求用户输入
3. 点击提交按钮时，如果没有输入产品名称，系统应提示用户必填项未填写",1,1,功能测试,功能测试阶段
/项目管理 - 【进入项目】 - 产品管理（中婷） - 列表 - 【编辑】 - 产品名称/,项目管理 - 【进入项目】 - 产品管理（中婷） - 列表 - 【编辑】 - 产品名称 - 中英文字母、数字、_,系统已启动，用户已登录，且已进入项目管理模块,"1. 进入产品管理列表页面
2. 找到需要编辑的产品名称
3. 点击编辑按钮
4. 在产品名称输入框中输入中英文字母、数字、_的组合","1. 成功进入产品管理列表页面
2. 成功找到并选中需要编辑的产品名称
3. 成功点击编辑按钮，进入编辑页面
4. 产品名称输入框允许输入中英文字母、数字、_的组合",1,3,功能测试,功能测试阶段
/项目管理 - 【进入项目】 - 产品管理（中婷） - 列表 - 【编辑】 - 产品名称/,项目管理 - 【进入项目】 - 产品管理（中婷） - 列表 - 【编辑】 - 产品名称 - 长度限制32位,系统已启动，用户已登录，且已进入项目列表页面,"1. 选择需要编辑的产品名称
2. 
3. ","1. 成功进入产品编辑页面
2. 产品名称输入框长度限制为32位字符
3. 超过32位的输入将被截断，并显示警告信息",1,3,功能测试,功能测试阶段
/项目管理 - 【进入项目】 - 产品管理（中婷） - 列表 - 【编辑】 - 产品名称/,项目管理 - 【进入项目】 - 产品管理（中婷） - 列表 - 【编辑】 - 产品名称 - 不允许重复,系统已启动，用户已登录，且已进入项目列表页面,1. 选择需要编辑的产品名称,1. 系统显示产品编辑页面,1,4,功能测试,功能测试阶段
/项目管理 - 【进入项目】 - 产品管理（中婷） - 列表 - 【编辑】 - 【确认】/,项目管理 - 【进入项目】 - 产品管理（中婷） - 列表 - 【编辑】 - 【确认】 - 修改后将数据同步到：一休云（智检精灵获取一休的产品）、数据资产（st、EIIR获取数资的产品),系统已启动，用户已登录，且用户具有项目管理权限,"1. 进入项目管理模块
2. 选择产品管理功能
3. 在列表中找到需要编辑的项目
4. 点击编辑按钮
5. 修改项目数据
6. 点击确认按钮","1. 成功进入产品管理列表页面
2. 项目数据正确显示
3. 修改后的数据成功保存
4. 数据同步到一休云（智检精灵获取一休的产品）
5. 数据同步到数据资产（st、EIIR获取数资的产品)
6. ",1,4,功能测试,功能测试阶段
/项目管理 - 【进入项目】 - 产品管理（中婷） - 列表 - 【编辑】/,项目管理 - 【进入项目】 - 产品管理（中婷） - 列表 - 【编辑】 - 【取消】,系统已启动，用户已登录，且已进入项目管理模块,"1. 进入产品管理列表页面
2. 选择需要编辑的项目
3. 点击编辑按钮
4. 修改项目信息
5. 点击取消按钮","1. 成功进入项目编辑页面
2. 项目信息正确显示
3. 修改后的项目信息未保存
4. 返回到项目列表页面
5. ",1,2,功能测试,功能测试阶段
/项目管理 - 【进入项目】 - 产品管理（中婷） - 列表 - 【删除】/,项目管理 - 【进入项目】 - 产品管理（中婷） - 列表 - 【删除】 - 二次确认：你确定要删除该产品吗？,系统已启动，用户已登录，且已进入产品管理列表页面,"1. 选择要删除的产品
2. 点击删除按钮
3. 在弹出的二次确认对话框中点击确定","1. 弹出二次确认对话框
2. 对话框显示提示信息：'你确定要删除该产品吗？'
3. 点击确定后，系统成功删除所选产品并提示操作成功",1,3,功能测试,功能测试阶段
/项目管理 - 【进入项目】 - 产品管理（中婷） - 列表 - 【删除】/,项目管理 - 【进入项目】 - 产品管理（中婷） - 列表 - 【删除】 - 当该产品已有数据后，删除按钮不展示,系统已启动，用户已登录，且已进入产品管理列表页面,1. 查看产品管理列表,1. 如果该产品已有数据，则删除按钮不展示,1,2,功能测试,功能测试阶段
/项目管理 - 【进入项目】 - 机器管理（徐锴/中婷） - `添加机器`按钮 - `添加机器`弹窗 - `可选机器`下拉框/,项目管理 - 【进入项目】 - 机器管理（徐锴/中婷） - `添加机器`按钮 - `添加机器`弹窗 - `可选机器`下拉框 - 获取数资系统无项目归属的机器列表,系统已启动，用户已登录，且具有项目管理权限,"1. 打开项目管理页面
2. 点击`添加机器`按钮
3. 在`可选机器`下拉框中选择操作","1. 成功打开`添加机器`弹窗
2. `可选机器`下拉框中正确显示数资系统无项目归属的机器列表
3. 选择机器后，系统正确处理并显示相关操作结果",1,3,功能测试,功能测试阶段
/项目管理 - 【进入项目】 - 机器管理（徐锴/中婷） - `添加机器`按钮 - `添加机器`弹窗 - `可选机器`下拉框/,项目管理 - 【进入项目】 - 机器管理（徐锴/中婷） - `添加机器`按钮 - `添加机器`弹窗 - `可选机器`下拉框 - 有项目归属的机器不展示,系统已启动，用户已登录，且当前用户有项目管理的权限,"1. 打开项目管理页面
2. 点击`添加机器`按钮
3. 在`可选机器`下拉框中选择机器","1. 成功打开`添加机器`弹窗
2. `可选机器`下拉框中不展示有项目归属的机器
3. 可选机器列表仅展示未归属项目的机器",1,1,功能测试,功能测试阶段
/项目管理 - 【进入项目】 - 机器管理（徐锴/中婷） - `添加机器`按钮 - `添加机器`弹窗 - `取消`按钮/,项目管理 - 【进入项目】 - 机器管理（徐锴/中婷） - `添加机器`按钮 - `添加机器`弹窗 - `取消`按钮 - 取消后不会进行机器添加,系统已启动，用户已登录，且处于项目管理模块,1. 点击`添加机器`按钮,1. 成功打开`添加机器`弹窗,1,1,功能测试,功能测试阶段
/项目管理 - 【进入项目】 - 机器管理（徐锴/中婷） - `添加机器`按钮 - `添加机器`弹窗 - `确认`按钮 - 对应机器与当前项目关联/,项目管理 - 【进入项目】 - 机器管理（徐锴/中婷） - `添加机器`按钮 - `添加机器`弹窗 - `确认`按钮 - 对应机器与当前项目关联 - 添加机器后，重新点击`添加机器`按钮，刚添加的机器不展示,系统已启动，用户已登录，且当前用户有权限进行机器管理操作,"1. 进入项目
2. 点击`添加机器`按钮
3. 在弹窗中输入机器相关信息
4. 点击`确认`按钮","1. 成功打开`添加机器`弹窗
2. 输入的机器信息正确显示
3. 点击`确认`按钮后，系统成功添加机器并与当前项目关联
4. 重新点击`添加机器`按钮，刚添加的机器不展示",1,4,功能测试,功能测试阶段
/项目管理 - 【进入项目】 - 机器管理（徐锴/中婷） - `添加机器`按钮 - `添加机器`弹窗 - `确认`按钮/,项目管理 - 【进入项目】 - 机器管理（徐锴/中婷） - `添加机器`按钮 - `添加机器`弹窗 - `确认`按钮 - 幂等验证,系统已启动，用户已登录，且当前用户具有添加机器的权限,"1. 打开项目管理页面
2. 进入机器管理模块
3. 点击页面上的`添加机器`按钮
4. 在弹窗中填写机器相关信息
5. 点击弹窗中的`确认`按钮
6. ","1. 成功打开添加机器的弹窗
2. 弹窗中所有必填字段均有提示
3. 点击`确认`按钮后，系统验证输入信息
4. 如果输入信息有误，系统提示错误信息并允许用户修改
5. 如果输入信息无误，系统添加机器并提示操作成功
6. 再次点击`确认`按钮，系统不再重复添加机器，并提示已存在",1,3,功能测试,功能测试阶段
/项目管理 - 【进入项目】 - 机器管理（徐锴/中婷） - 机器列表/,项目管理 - 【进入项目】 - 机器管理（徐锴/中婷） - 机器列表 - 数据由数资系统获取,系统已启动，用户已登录，且具有项目管理权限,"1. 进入项目管理模块
2. 选择机器管理功能
3. 点击进入机器列表页面","1. 成功进入机器列表页面
2. 页面显示从数资系统获取的机器数据
3. 机器列表信息完整且准确",1,1,功能测试,功能测试阶段
/项目管理 - 【进入项目】 - 机器管理（徐锴/中婷） - 机器列表 - 机器名称/,项目管理 - 【进入项目】 - 机器管理（徐锴/中婷） - 机器列表 - 机器名称 - 与`一休`一致,系统已启动，用户已登录，且具有项目管理权限,"1. 进入项目管理模块
2. 选择机器管理功能
3. 进入机器列表页面","1. 成功进入机器列表页面
2. 页面显示所有机器名称
3. 机器名称`一休`在列表中显示",1,4,功能测试,功能测试阶段
/项目管理 - 【进入项目】 - 机器管理（徐锴/中婷） - 机器列表 - 机器SN/,项目管理 - 【进入项目】 - 机器管理（徐锴/中婷） - 机器列表 - 机器SN - 与`一休`一致,系统已启动，用户已登录，且具有项目管理权限,"1. 进入项目管理模块
2. 选择机器管理功能
3. 查找并点击机器列表页面
4. 在机器SN输入框中输入'一休'","1. 成功进入机器列表页面
2. 输入框正确显示'一休'
3. 系统根据输入的SN显示匹配的机器信息
4. ",1,3,功能测试,功能测试阶段
/项目管理 - 【进入项目】 - 机器管理（徐锴/中婷） - 机器列表 - 机器ID/,项目管理 - 【进入项目】 - 机器管理（徐锴/中婷） - 机器列表 - 机器ID - 与`一休`一致,系统已启动，用户已登录，且具有项目管理权限,"1. 进入项目管理模块
2. 选择机器管理功能
3. 点击进入机器列表页面","1. 成功进入机器列表页面
2. 显示所有机器ID
3. 机器ID与`一休`系统中的机器ID一致",1,3,功能测试,功能测试阶段
/项目管理 - 【进入项目】 - 机器管理（徐锴/中婷） - 机器列表 - 机器型号/,项目管理 - 【进入项目】 - 机器管理（徐锴/中婷） - 机器列表 - 机器型号 - 与`一休`一致,系统已启动，用户已登录，且具有项目管理权限,"1. 进入项目管理模块
2. 选择机器管理功能
3. 点击进入机器列表页面
4. 在机器型号搜索框中输入`一休`","1. 成功进入机器型号列表页面
2. 搜索框中显示`一休`关键字
3. 列表中显示与`一休`一致的机器型号
4. ",1,3,功能测试,功能测试阶段
/项目管理 - 【进入项目】 - 机器管理（徐锴/中婷） - 机器列表 - 创建时间/,项目管理 - 【进入项目】 - 机器管理（徐锴/中婷） - 机器列表 - 创建时间 - 与`一休`一致,系统已启动，用户已登录，且具有项目管理权限,"1. 进入项目管理模块
2. 选择机器管理功能
3. 查看机器列表
4. 点击创建新机器按钮","1. 成功进入机器管理模块
2. 机器列表正确显示
3. 点击创建新机器按钮后，创建界面正确显示
4. 创建时间与`一休`系统一致",1,1,功能测试,功能测试阶段
/项目管理 - 【进入项目】 - 机器管理（徐锴/中婷） - 机器列表 - 操作 - 下载token/,项目管理 - 【进入项目】 - 机器管理（徐锴/中婷） - 机器列表 - 操作 - 下载token - 同一台机器下载的mqtt账号密码及token每次下载都保持一致,系统已启动，用户已登录，且已进入项目中的机器管理模块,"1. 进入机器列表页面
2. 选择一台机器
3. 点击下载token按钮","1. 成功下载token
2. 下载的mqtt账号密码及token与上一次下载保持一致
3. ",1,3,功能测试,功能测试阶段
/项目管理 - 【进入项目】 - 机器管理（徐锴/中婷） - 机器列表 - 操作 - 下载token/,项目管理 - 【进入项目】 - 机器管理（徐锴/中婷） - 机器列表 - 操作 - 下载token - 不同机器的mqtt账号密码及token不一致,系统已启动，用户已登录，且具有访问机器列表的权限,"1. 进入项目管理模块
2. 选择机器管理功能
3. 查看机器列表
4. 选择需要下载token的机器
5. 点击下载token按钮","1. 成功进入机器管理模块
2. 成功查看机器列表
3. 成功选择指定机器
4. 成功下载token
5. 下载的token与所选机器的mqtt账号密码不一致",1,3,功能测试,功能测试阶段
/项目管理 - 【进入项目】 - 机器管理（徐锴/中婷） - 机器列表 - 操作 - 下载token/,项目管理 - 【进入项目】 - 机器管理（徐锴/中婷） - 机器列表 - 操作 - 下载token - 同一台机器下载的mqtt账号密码及token与在一休上下载的保持一致,系统已启动，用户已登录，且已进入项目管理模块,"1. 进入机器管理页面
2. 在机器列表中找到目标机器
3. 点击下载token按钮","1. 成功下载token
2. 下载的mqtt账号密码及token与在一休上下载的一致
3. ",1,3,功能测试,功能测试阶段
/项目管理 - 【进入项目】 - 机器管理（徐锴/中婷） - 机器列表 - 操作 - 移除机器/,项目管理 - 【进入项目】 - 机器管理（徐锴/中婷） - 机器列表 - 操作 - 移除机器 - 取消与项目绑定,系统已启动，用户已登录，且当前用户有权限进行机器管理操作,"1. 打开项目管理页面
2. 进入指定项目
3. 选择机器管理模块
4. 查看机器列表
5. 选择需要移除的机器
6. 点击移除按钮
7. 在弹出的确认对话框中选择取消与项目绑定
8. ","1. 成功打开项目管理页面
2. 成功进入指定项目
3. 成功进入机器管理模块
4. 成功查看机器列表
5. 成功选择需要移除的机器
6. 成功点击移除按钮
7. 弹出确认对话框，且取消与项目绑定的选项可用
8. 选择取消与项目绑定后，系统无操作提示或错误信息",1,2,功能测试,功能测试阶段
/项目管理 - 【进入项目】 - 机器管理（徐锴/中婷） - 机器列表 - 操作 - 移除机器/,项目管理 - 【进入项目】 - 机器管理（徐锴/中婷） - 机器列表 - 操作 - 移除机器 - 移除后，可以重新添加,系统已启动，用户已登录，且当前用户具有机器管理权限,"1. 打开机器列表页面
2. 选择需要移除的机器
3. 点击移除按钮
4. 确认移除操作","1. 成功移除所选机器
2. 机器从列表中消失
3. 系统提示移除操作成功
4. 移除后，可以重新添加机器",1,2,功能测试,功能测试阶段
/项目管理 - 【进入项目】 - 成员管理（林禹成） - 一休云系统对应调整 - 空间管理/,项目管理 - 【进入项目】 - 成员管理（林禹成） - 一休云系统对应调整 - 空间管理 - 【成员管理】按钮删除,系统已启动，用户已登录，且已进入一休云系统的项目管理模块,"1. 进入空间管理页面
2. 点击【成员管理】按钮
3. 选择要删除的成员（林禹成）
4. 点击删除按钮","1. 成功进入成员管理页面
2. 成员列表正确显示
3. 成功删除所选成员
4. 系统提示操作成功",1,4,功能测试,功能测试阶段
/项目管理 - 【进入项目】 - 成员管理（林禹成） - 初始化数据/,项目管理 - 【进入项目】 - 成员管理（林禹成） - 初始化数据 - 将所有空间的对应用户初始化正确，提前截图，用于测试,系统已启动，用户已登录，且项目管理模块已初始化,"1. 进入项目管理模块
2. 选择特定项目
3. 进入成员管理页面
4. 查找林禹成成员
5. 对所有空间进行初始化
6. 提前截图","1. 成功进入项目管理模块
2. 成功选择特定项目
3. 成功进入成员管理页面
4. 成功找到林禹成成员
5. 所有空间的对应用户初始化正确
6. 成功截图",1,2,功能测试,功能测试阶段
/项目管理 - 【进入项目】 - 成员管理（林禹成） - 【添加成员】/,项目管理 - 【进入项目】 - 成员管理（林禹成） - 【添加成员】 - 数据来源：调用pms系统uuam用户接口,系统已启动，用户已登录，且具有添加成员的权限,"1. 进入项目管理模块
2. 选择目标项目
3. 点击成员管理按钮
4. 进入成员管理页面
5. 点击添加成员按钮
6. 在弹出的添加成员界面中，选择数据来源为pms系统uuam用户接口","1. 成功进入项目管理模块
2. 成功选择目标项目
3. 成功进入成员管理页面
4. 成功打开添加成员界面
5. 成功选择数据来源为pms系统uuam用户接口
6. ",1,4,功能测试,功能测试阶段
/项目管理 - 【进入项目】 - 成员管理（林禹成） - 【添加成员】 - *人员姓名 - 点击下拉框显示所有pms系统的用户/,项目管理 - 【进入项目】 - 成员管理（林禹成） - 【添加成员】 - *人员姓名 - 点击下拉框显示所有pms系统的用户 - 不显示列表页已添加的用户,系统已启动，用户已登录，且当前用户具有添加项目成员的权限,"1. 进入项目管理模块
2. 选择目标项目
3. 点击成员管理按钮
4. 点击添加成员按钮
5. 点击人员姓名下拉框","1. 成功打开添加成员页面
2. 下拉框显示所有pms系统的用户
3. 下拉列表中不显示已添加到当前项目的用户
4. 
5. ",1,3,功能测试,功能测试阶段
/项目管理 - 【进入项目】 - 成员管理（林禹成） - 【添加成员】 - *人员姓名 - 可输入搜索用户/,项目管理 - 【进入项目】 - 成员管理（林禹成） - 【添加成员】 - *人员姓名 - 可输入搜索用户 - 不显示列表页已添加的用户,系统已启动，用户已登录，且当前用户具有添加项目成员的权限,"1. 进入项目管理模块
2. 选择目标项目
3. 点击成员管理按钮
4. 在搜索框中输入人员姓名
5. 选择搜索结果中的用户","1. 成功进入项目管理模块
2. 成功选择目标项目
3. 成功进入成员管理页面
4. 搜索框能够正确显示输入的姓名
5. 搜索结果中不显示已添加的成员",1,4,功能测试,功能测试阶段
/项目管理 - 【进入项目】 - 成员管理（林禹成） - 【添加成员】 - *人员姓名/,项目管理 - 【进入项目】 - 成员管理（林禹成） - 【添加成员】 - *人员姓名 - 可多选,系统已启动，用户已登录到项目管理模块,"1. 进入项目详情页面
2. 选择成员管理功能
3. 点击添加成员按钮
4. 在人员姓名列表中选择林禹成
5. 可选：选择其他成员
6. 点击确认添加","1. 成功进入成员管理页面
2. 林禹成被正确选中
3. 可选：其他成员也被正确选中
4. 点击确认添加后，系统提示添加成员成功
5. 
6. ",1,3,功能测试,功能测试阶段
/项目管理 - 【进入项目】 - 成员管理（林禹成） - 【添加成员】 - 【取消】/,项目管理 - 【进入项目】 - 成员管理（林禹成） - 【添加成员】 - 【取消】 - 关闭弹窗，不添加用户,系统已启动，用户已登录，且已进入项目详情页面,"1. 点击添加成员按钮
2. 在弹窗中选择成员
3. 点击取消按钮","1. 成功打开添加成员弹窗
2. 成员信息正确显示
3. 点击取消后，弹窗关闭，未添加任何成员",1,2,功能测试,功能测试阶段
/项目管理 - 【进入项目】 - 成员管理（林禹成） - 【添加成员】 - 【确认】/,项目管理 - 【进入项目】 - 成员管理（林禹成） - 【添加成员】 - 【确认】 - 成功添加用户，显示于列表页,系统已启动，用户已登录，且当前用户具有添加成员的权限,"1. 打开项目管理页面
2. 进入指定项目
3. 选择成员管理功能
4. 点击添加成员按钮
5. 输入成员信息（如姓名、邮箱等）
6. 选择成员角色
7. 点击确认按钮","1. 成功打开成员管理页面
2. 成员信息正确输入
3. 成员角色选择无误
4. 成功添加成员，成员信息显示于列表页
5. 
6. 
7. ",1,3,功能测试,功能测试阶段
/项目管理 - 【进入项目】 - 成员管理（林禹成） - 【添加成员】 - 【确认】/,项目管理 - 【进入项目】 - 成员管理（林禹成） - 【添加成员】 - 【确认】 - 已添加的用户，在一休云系统可以看到对应的项目空间,系统已启动，用户已登录，且林禹成已在一休云系统中添加为项目成员,"1. 进入项目空间
2. 选择成员管理功能
3. 查找并选择林禹成
4. 点击添加成员按钮
5. 点击确认按钮","1. 成功进入项目空间
2. 成员管理功能正确显示
3. 林禹成被成功添加为项目成员
4. 系统提示添加成员成功
5. ",1,2,功能测试,功能测试阶段
/项目管理 - 【进入项目】 - 成员管理（林禹成） - 【添加成员】 - 【确认】/,项目管理 - 【进入项目】 - 成员管理（林禹成） - 【添加成员】 - 【确认】 - 幂等,系统已启动，用户已登录，且当前用户有权限添加项目成员,"1. 打开项目成员管理页面
2. 选择要添加的成员（林禹成）
3. 点击添加按钮
4. 再次点击添加按钮","1. 成功添加成员（林禹成）一次
2. 第二次点击添加按钮时，系统不再重复添加成员
3. 系统提示操作成功，且成员列表中成员数量不变
4. ",1,1,功能测试,功能测试阶段
/项目管理 - 【进入项目】 - 成员管理（林禹成） - 列表页 - 成员/,项目管理 - 【进入项目】 - 成员管理（林禹成） - 列表页 - 成员 - 显示已添加的用户名称,系统已启动，用户已登录，且林禹成已添加到项目中,"1. 进入项目管理模块
2. 选择【进入项目】
3. 进入成员管理页面
4. 查看成员列表","1. 成功进入成员管理页面
2. 成员列表显示完整
3. 成员列表中显示已添加的林禹成的用户名称
4. ",1,3,功能测试,功能测试阶段
/项目管理 - 【进入项目】 - 成员管理（林禹成） - 列表页 - 成员/,项目管理 - 【进入项目】 - 成员管理（林禹成） - 列表页 - 成员 - 离职员工自动移除,系统已启动，用户已登录，且当前用户有权限访问成员管理功能,"1. 进入项目管理模块
2. 选择特定项目
3. 进入成员管理列表页
4. 查看离职员工列表","1. 成功进入项目管理模块
2. 成功选择特定项目
3. 成功进入成员管理列表页
4. 离职员工在列表中自动显示为已离职状态，且不再参与项目成员统计",1,4,功能测试,功能测试阶段
/项目管理 - 【进入项目】 - 成员管理（林禹成） - 列表页 - 系统角色/,项目管理 - 【进入项目】 - 成员管理（林禹成） - 列表页 - 系统角色 - 显示已添加的用户在一休云系统中的角色,系统已启动，用户已登录，且林禹成已添加到项目中,"1. 进入项目管理模块
2. 选择【进入项目】
3. 进入成员管理页面
4. 查找林禹成
5. 查看林禹成在一休云系统中的角色","1. 成功进入项目管理模块
2. 成功进入【进入项目】页面
3. 成功进入成员管理页面并找到林禹成
4. 成功显示林禹成在一休云系统中的角色
5. ",1,4,功能测试,功能测试阶段
/项目管理 - 【进入项目】 - 成员管理（林禹成） - 列表页 - 系统角色/,项目管理 - 【进入项目】 - 成员管理（林禹成） - 列表页 - 系统角色 - 显示已添加的用户在ST系统中的角色,系统已启动，用户已登录，且已进入项目管理模块,"1. 进入项目列表页
2. 选择特定项目
3. 点击成员管理按钮
4. 查找用户林禹成
5. 查看林禹成在ST系统中的角色","1. 成功进入项目列表页
2. 成功选择特定项目
3. 成功进入成员管理页面
4. 成功找到用户林禹成
5. 成功显示林禹成在ST系统中的角色",1,3,功能测试,功能测试阶段
/项目管理 - 【进入项目】 - 成员管理（林禹成） - 列表页 - 系统角色/,项目管理 - 【进入项目】 - 成员管理（林禹成） - 列表页 - 系统角色 - 可能为空,系统已启动，用户已登录，且具有项目管理权限,"1. 进入项目管理模块
2. 选择【进入项目】
3. 选择成员管理（林禹成）
4. 进入列表页","1. 成功进入列表页
2. 系统角色显示正常
3. 系统角色字段可能为空
4. ",1,1,功能测试,功能测试阶段
/项目管理 - 【进入项目】 - 成员管理（林禹成） - 列表页 - 操作 - 【移除】 - 点击弹出“二次确认”弹框/,项目管理 - 【进入项目】 - 成员管理（林禹成） - 列表页 - 操作 - 【移除】 - 点击弹出“二次确认”弹框 - 你确定要从项目中移除该人员吗？,系统已启动，用户已登录，且已进入项目成员管理列表页,1. 点击成员管理列表页中的【移除】按钮,1. 弹出“二次确认”弹框,1,4,功能测试,功能测试阶段
/项目管理 - 【进入项目】 - 成员管理（林禹成） - 列表页 - 操作 - 【移除】 - 点击弹出“二次确认”弹框 - 【×】/,项目管理 - 【进入项目】 - 成员管理（林禹成） - 列表页 - 操作 - 【移除】 - 点击弹出“二次确认”弹框 - 【×】 - 关闭弹框，不移除人员,系统已启动，用户已登录，且已进入项目成员管理列表页,1. 点击【移除】按钮,1. 弹出“二次确认”弹框,1,4,功能测试,功能测试阶段
/项目管理 - 【进入项目】 - 成员管理（林禹成） - 列表页 - 操作 - 【移除】 - 点击弹出“二次确认”弹框 - 【确认】/,项目管理 - 【进入项目】 - 成员管理（林禹成） - 列表页 - 操作 - 【移除】 - 点击弹出“二次确认”弹框 - 【确认】 - 移除对应的人员，该用户在一休云系统中看不到对应的项目空间,系统已启动，用户已登录，且林禹成是项目成员,"1. 进入项目管理模块
2. 选择对应的项目
3. 进入成员管理列表页
4. 找到林禹成所在行
5. 点击移除操作
6. 点击弹出“二次确认”弹框的【确认】按钮","1. 成功进入项目管理模块
2. 成功选择对应的项目
3. 成功进入成员管理列表页
4. 成功找到林禹成所在行
5. 成功弹出“二次确认”弹框
6. 成功移除林禹成，该用户在一休云系统中看不到对应的项目空间",1,1,功能测试,功能测试阶段
